Unable to merge entities with colliding id https://mff-uk.github.io/specifications/dcat-ap#Catalogue because they are of unsupported types. Falling back to the first one. [
  {
    iri: "https://mff-uk.github.io/specifications/dcat-ap#Catalogue",
    tags: [ "https://w3id.org/dsv/class-role#main" ],
    id: "https://mff-uk.github.io/specifications/dcat-ap#Catalogue",
    type: [ "class-profile" ],
    profiling: [ "https://mff-uk.github.io/specifications/dcat-dap#Catalog" ],
    usageNote: {},
    usageNoteFromProfiled: "https://mff-uk.github.io/specifications/dcat-dap#Catalog",
    externalDocumentationUrl: "https://semiceu.github.io/DCAT-AP/releases/3.0.1/#Catalogue",
    name: {
      en: "Catalogue",
      it: "Catalogo",
      fr: "Catalogue",
      es: "Catálogo",
      cs: "Katalog",
      el: "Κατάλογος",
      ar: "فهرس قوائم البيانات",
      ja: "カタログ",
      da: "Katalog",
    },
    nameFromProfiled: null,
    nameProperty: null,
    description: {
      en: "A catalogue or repository that hosts the Datasets or Data Services being described.",
      es: "Una colección curada de metadatos sobre recursos (por ejemplo, conjuntos de datos y servicios de datos en el contexto de un catálogo de datos).",
      it: "Una raccolta curata di metadati sulle risorse (ad es. sui dataset e relativi servizi nel contesto di cataloghi di dati).",
      fr: "Une collection élaborée de métadonnées sur les jeux de données",
      cs: "Řízená kolekce metadat o datových sadách a datových službách",
      el: "Μια επιμελημένη συλλογή μεταδεδομένων περί συνόλων δεδομένων",
      ar: "مجموعة من توصيفات قوائم البيانات",
      ja: "データ・カタログは、データセットに関するキュレートされたメタデータの集合です。",
      da: "En udvalgt og arrangeret samling af metadata om ressourcer (fx datasæt og datatjenester i kontekst af et datakatalog). ",
    },
    descriptionFromProfiled: null,
    descriptionProperty: null,
    order: null,
    controlledVocabularies: [],
  }, {
    iri: "https://mff-uk.github.io/specifications/dcat-ap#Catalogue",
    tags: [ "https://w3id.org/dsv/class-role#main" ],
    id: "https://mff-uk.github.io/specifications/dcat-ap#Catalogue",
    type: [ "class-profile" ],
    profiling: [ "https://mff-uk.github.io/specifications/dcat-dap#Catalog" ],
    usageNote: {},
    usageNoteFromProfiled: "https://mff-uk.github.io/specifications/dcat-dap#Catalog",
    externalDocumentationUrl: "https://semiceu.github.io/DCAT-AP/releases/3.0.1/#Catalogue",
    name: {
      en: "Catalogue",
      it: "Catalogo",
      fr: "Catalogue",
      es: "Catálogo",
      cs: "Katalog",
      el: "Κατάλογος",
      ar: "فهرس قوائم البيانات",
      ja: "カタログ",
      da: "Katalog",
    },
    nameFromProfiled: null,
    nameProperty: null,
    description: {
      en: "A catalogue or repository that hosts the Datasets or Data Services being described.",
      es: "Una colección curada de metadatos sobre recursos (por ejemplo, conjuntos de datos y servicios de datos en el contexto de un catálogo de datos).",
      it: "Una raccolta curata di metadati sulle risorse (ad es. sui dataset e relativi servizi nel contesto di cataloghi di dati).",
      fr: "Une collection élaborée de métadonnées sur les jeux de données",
      cs: "Řízená kolekce metadat o datových sadách a datových službách",
      el: "Μια επιμελημένη συλλογή μεταδεδομένων περί συνόλων δεδομένων",
      ar: "مجموعة من توصيفات قوائم البيانات",
      ja: "データ・カタログは、データセットに関するキュレートされたメタデータの集合です。",
      da: "En udvalgt og arrangeret samling af metadata om ressourcer (fx datasæt og datatjenester i kontekst af et datakatalog). ",
    },
    descriptionFromProfiled: null,
    descriptionProperty: null,
  }
]
Unable to merge entities with colliding id https://mff-uk.github.io/specifications/dcat-ap#CatalogueRecord because they are of unsupported types. Falling back to the first one. [
  {
    iri: "https://mff-uk.github.io/specifications/dcat-ap#CatalogueRecord",
    tags: [ "https://w3id.org/dsv/class-role#main" ],
    id: "https://mff-uk.github.io/specifications/dcat-ap#CatalogueRecord",
    type: [ "class-profile" ],
    profiling: [ "https://mff-uk.github.io/specifications/dcat-dap#CatalogRecord" ],
    usageNote: {},
    usageNoteFromProfiled: "https://mff-uk.github.io/specifications/dcat-dap#CatalogRecord",
    externalDocumentationUrl: "https://semiceu.github.io/DCAT-AP/releases/3.0.1/#CatalogueRecord",
    name: {
      en: "Catalogue Record",
      cs: "Katalogizační záznam",
      it: "Record di catalogo",
      fr: "Registre du catalogue",
      es: "Registro del catálogo",
      el: "Καταγραφή καταλόγου",
      ar: "سجل",
      ja: "カタログ・レコード",
      da: "Katalogpost",
    },
    nameFromProfiled: null,
    nameProperty: null,
    description: {},
    descriptionFromProfiled: "https://mff-uk.github.io/specifications/dcat-dap#CatalogRecord",
    descriptionProperty: "http://www.w3.org/2004/02/skos/core#definition",
    order: null,
    controlledVocabularies: [],
  }, {
    iri: "https://mff-uk.github.io/specifications/dcat-ap#CatalogueRecord",
    tags: [ "https://w3id.org/dsv/class-role#main" ],
    id: "https://mff-uk.github.io/specifications/dcat-ap#CatalogueRecord",
    type: [ "class-profile" ],
    profiling: [ "https://mff-uk.github.io/specifications/dcat-dap#CatalogRecord" ],
    usageNote: {},
    usageNoteFromProfiled: "https://mff-uk.github.io/specifications/dcat-dap#CatalogRecord",
    externalDocumentationUrl: "https://semiceu.github.io/DCAT-AP/releases/3.0.1/#CatalogueRecord",
    name: {
      en: "Catalogue Record",
      cs: "Katalogizační záznam",
      it: "Record di catalogo",
      fr: "Registre du catalogue",
      es: "Registro del catálogo",
      el: "Καταγραφή καταλόγου",
      ar: "سجل",
      ja: "カタログ・レコード",
      da: "Katalogpost",
    },
    nameFromProfiled: null,
    nameProperty: null,
    description: {},
    descriptionFromProfiled: "https://mff-uk.github.io/specifications/dcat-dap#CatalogRecord",
    descriptionProperty: "http://www.w3.org/2004/02/skos/core#definition",
  }
]
Unable to merge entities with colliding id https://mff-uk.github.io/specifications/dcat-ap#DataService because they are of unsupported types. Falling back to the first one. [
  {
    iri: "https://mff-uk.github.io/specifications/dcat-ap#DataService",
    tags: [ "https://w3id.org/dsv/class-role#main" ],
    id: "https://mff-uk.github.io/specifications/dcat-ap#DataService",
    type: [ "class-profile" ],
    profiling: [ "https://mff-uk.github.io/specifications/dcat-dap#DataService" ],
    usageNote: {},
    usageNoteFromProfiled: "https://mff-uk.github.io/specifications/dcat-dap#DataService",
    externalDocumentationUrl: "https://semiceu.github.io/DCAT-AP/releases/3.0.1/#DataService",
    name: {},
    nameFromProfiled: "https://mff-uk.github.io/specifications/dcat-dap#DataService",
    nameProperty: "http://www.w3.org/2004/02/skos/core#prefLabel",
    description: {},
    descriptionFromProfiled: "https://mff-uk.github.io/specifications/dcat-dap#DataService",
    descriptionProperty: "http://www.w3.org/2004/02/skos/core#definition",
    order: null,
    controlledVocabularies: [],
  }, {
    iri: "https://mff-uk.github.io/specifications/dcat-ap#DataService",
    tags: [ "https://w3id.org/dsv/class-role#main" ],
    id: "https://mff-uk.github.io/specifications/dcat-ap#DataService",
    type: [ "class-profile" ],
    profiling: [ "https://mff-uk.github.io/specifications/dcat-dap#DataService" ],
    usageNote: {},
    usageNoteFromProfiled: "https://mff-uk.github.io/specifications/dcat-dap#DataService",
    externalDocumentationUrl: "https://semiceu.github.io/DCAT-AP/releases/3.0.1/#DataService",
    name: {},
    nameFromProfiled: "https://mff-uk.github.io/specifications/dcat-dap#DataService",
    nameProperty: "http://www.w3.org/2004/02/skos/core#prefLabel",
    description: {},
    descriptionFromProfiled: "https://mff-uk.github.io/specifications/dcat-dap#DataService",
    descriptionProperty: "http://www.w3.org/2004/02/skos/core#definition",
  }
]
Unable to merge entities with colliding id https://mff-uk.github.io/specifications/dcat-ap#Dataset because they are of unsupported types. Falling back to the first one. [
  {
    iri: "https://mff-uk.github.io/specifications/dcat-ap#Dataset",
    tags: [ "https://w3id.org/dsv/class-role#main" ],
    id: "https://mff-uk.github.io/specifications/dcat-ap#Dataset",
    type: [ "class-profile" ],
    profiling: [ "https://mff-uk.github.io/specifications/dcat-dap#Dataset" ],
    usageNote: {
      en: "If a Dataset is used as part of a Dataset Series, the usage of the properties listed below must be coherent with the associated Dataset Series. For this usage, consult the guidelines in section 14. General usage guidelines.",
    },
    usageNoteFromProfiled: null,
    externalDocumentationUrl: "https://semiceu.github.io/DCAT-AP/releases/3.0.1/#Dataset",
    name: {},
    nameFromProfiled: "https://mff-uk.github.io/specifications/dcat-dap#Dataset",
    nameProperty: "http://www.w3.org/2004/02/skos/core#prefLabel",
    description: {
      ja: "1つのエージェントによって公開またはキュレートされ、1つ以上の形式でアクセスまたはダウンロードできるデータの集合。",
      en: "A conceptual entity that represents the information published.",
      cs: "Kolekce dat poskytovaná či řízená jedním zdrojem, která je k dispozici pro přístup či stažení v jednom či více formátech.",
      it: "Raccolta di dati, pubblicati o curati da un'unica fonte, disponibili per l'accesso o il download in uno o più formati.",
      es: "Una colección de datos, publicados o conservados por una única fuente, y disponibles para ser accedidos o descargados en uno o más formatos.",
      fr: "Une collection de données, publiée ou élaborée par une seule source, et disponible pour accès ou téléchargement dans un ou plusieurs formats.",
      el: "Μία συλλογή από δεδομένα, δημοσιευμένη ή επιμελημένη από μία και μόνο πηγή, διαθέσιμη δε προς πρόσβαση ή μεταφόρτωση σε μία ή περισσότερες μορφές.",
      ar: "قائمة بيانات منشورة أو مجموعة من قبل مصدر ما و متاح الوصول إليها أو تحميلها",
      da: "En samling af data, udgivet eller udvalgt og arrangeret af en enkelt kilde og som er til råde for adgang til eller download af i en eller flere repræsentationer.",
    },
    descriptionFromProfiled: null,
    descriptionProperty: null,
    order: null,
    controlledVocabularies: [],
  }, {
    iri: "https://mff-uk.github.io/specifications/dcat-ap#Dataset",
    tags: [ "https://w3id.org/dsv/class-role#main" ],
    id: "https://mff-uk.github.io/specifications/dcat-ap#Dataset",
    type: [ "class-profile" ],
    profiling: [ "https://mff-uk.github.io/specifications/dcat-dap#Dataset" ],
    usageNote: {
      en: "If a Dataset is used as part of a Dataset Series, the usage of the properties listed below must be coherent with the associated Dataset Series. For this usage, consult the guidelines in section 14. General usage guidelines.",
    },
    usageNoteFromProfiled: null,
    externalDocumentationUrl: "https://semiceu.github.io/DCAT-AP/releases/3.0.1/#Dataset",
    name: {},
    nameFromProfiled: "https://mff-uk.github.io/specifications/dcat-dap#Dataset",
    nameProperty: "http://www.w3.org/2004/02/skos/core#prefLabel",
    description: {
      ja: "1つのエージェントによって公開またはキュレートされ、1つ以上の形式でアクセスまたはダウンロードできるデータの集合。",
      en: "A conceptual entity that represents the information published.",
      cs: "Kolekce dat poskytovaná či řízená jedním zdrojem, která je k dispozici pro přístup či stažení v jednom či více formátech.",
      it: "Raccolta di dati, pubblicati o curati da un'unica fonte, disponibili per l'accesso o il download in uno o più formati.",
      es: "Una colección de datos, publicados o conservados por una única fuente, y disponibles para ser accedidos o descargados en uno o más formatos.",
      fr: "Une collection de données, publiée ou élaborée par une seule source, et disponible pour accès ou téléchargement dans un ou plusieurs formats.",
      el: "Μία συλλογή από δεδομένα, δημοσιευμένη ή επιμελημένη από μία και μόνο πηγή, διαθέσιμη δε προς πρόσβαση ή μεταφόρτωση σε μία ή περισσότερες μορφές.",
      ar: "قائمة بيانات منشورة أو مجموعة من قبل مصدر ما و متاح الوصول إليها أو تحميلها",
      da: "En samling af data, udgivet eller udvalgt og arrangeret af en enkelt kilde og som er til råde for adgang til eller download af i en eller flere repræsentationer.",
    },
    descriptionFromProfiled: null,
    descriptionProperty: null,
  }
]
Unable to merge entities with colliding id https://mff-uk.github.io/specifications/dcat-ap#DatasetSeries because they are of unsupported types. Falling back to the first one. [
  {
    iri: "https://mff-uk.github.io/specifications/dcat-ap#DatasetSeries",
    tags: [ "https://w3id.org/dsv/class-role#main" ],
    id: "https://mff-uk.github.io/specifications/dcat-ap#DatasetSeries",
    type: [ "class-profile" ],
    profiling: [ "https://mff-uk.github.io/specifications/dcat-dap#DatasetSeries" ],
    usageNote: {
      en: "It is recommended to avoid Dataset Series without a dataset in the collection. Therefore at least one Dataset should refer to a Dataset Series using the property in series (dcat:inSeries).",
    },
    usageNoteFromProfiled: null,
    externalDocumentationUrl: "https://semiceu.github.io/DCAT-AP/releases/3.0.1/#DatasetSeries",
    name: {},
    nameFromProfiled: "https://mff-uk.github.io/specifications/dcat-dap#DatasetSeries",
    nameProperty: "http://www.w3.org/2004/02/skos/core#prefLabel",
    description: {},
    descriptionFromProfiled: "https://mff-uk.github.io/specifications/dcat-dap#DatasetSeries",
    descriptionProperty: "http://www.w3.org/2004/02/skos/core#definition",
    order: null,
    controlledVocabularies: [],
  }, {
    iri: "https://mff-uk.github.io/specifications/dcat-ap#DatasetSeries",
    tags: [ "https://w3id.org/dsv/class-role#main" ],
    id: "https://mff-uk.github.io/specifications/dcat-ap#DatasetSeries",
    type: [ "class-profile" ],
    profiling: [ "https://mff-uk.github.io/specifications/dcat-dap#DatasetSeries" ],
    usageNote: {
      en: "It is recommended to avoid Dataset Series without a dataset in the collection. Therefore at least one Dataset should refer to a Dataset Series using the property in series (dcat:inSeries).",
    },
    usageNoteFromProfiled: null,
    externalDocumentationUrl: "https://semiceu.github.io/DCAT-AP/releases/3.0.1/#DatasetSeries",
    name: {},
    nameFromProfiled: "https://mff-uk.github.io/specifications/dcat-dap#DatasetSeries",
    nameProperty: "http://www.w3.org/2004/02/skos/core#prefLabel",
    description: {},
    descriptionFromProfiled: "https://mff-uk.github.io/specifications/dcat-dap#DatasetSeries",
    descriptionProperty: "http://www.w3.org/2004/02/skos/core#definition",
  }
]
Unable to merge entities with colliding id https://mff-uk.github.io/specifications/dcat-ap#Distribution because they are of unsupported types. Falling back to the first one. [
  {
    iri: "https://mff-uk.github.io/specifications/dcat-ap#Distribution",
    tags: [ "https://w3id.org/dsv/class-role#main" ],
    id: "https://mff-uk.github.io/specifications/dcat-ap#Distribution",
    type: [ "class-profile" ],
    profiling: [ "https://mff-uk.github.io/specifications/dcat-dap#Distribution" ],
    usageNote: {},
    usageNoteFromProfiled: "https://mff-uk.github.io/specifications/dcat-dap#Distribution",
    externalDocumentationUrl: "https://semiceu.github.io/DCAT-AP/releases/3.0.1/#Distribution",
    name: {},
    nameFromProfiled: "https://mff-uk.github.io/specifications/dcat-dap#Distribution",
    nameProperty: "http://www.w3.org/2004/02/skos/core#prefLabel",
    description: {},
    descriptionFromProfiled: "https://mff-uk.github.io/specifications/dcat-dap#Distribution",
    descriptionProperty: "http://www.w3.org/2004/02/skos/core#definition",
    order: null,
    controlledVocabularies: [],
  }, {
    iri: "https://mff-uk.github.io/specifications/dcat-ap#Distribution",
    tags: [ "https://w3id.org/dsv/class-role#main" ],
    id: "https://mff-uk.github.io/specifications/dcat-ap#Distribution",
    type: [ "class-profile" ],
    profiling: [ "https://mff-uk.github.io/specifications/dcat-dap#Distribution" ],
    usageNote: {},
    usageNoteFromProfiled: "https://mff-uk.github.io/specifications/dcat-dap#Distribution",
    externalDocumentationUrl: "https://semiceu.github.io/DCAT-AP/releases/3.0.1/#Distribution",
    name: {},
    nameFromProfiled: "https://mff-uk.github.io/specifications/dcat-dap#Distribution",
    nameProperty: "http://www.w3.org/2004/02/skos/core#prefLabel",
    description: {},
    descriptionFromProfiled: "https://mff-uk.github.io/specifications/dcat-dap#Distribution",
    descriptionProperty: "http://www.w3.org/2004/02/skos/core#definition",
  }
]
Unable to merge entities with colliding id https://mff-uk.github.io/specifications/dcat-ap#Relationship because they are of unsupported types. Falling back to the first one. [
  {
    iri: "https://mff-uk.github.io/specifications/dcat-ap#Relationship",
    tags: [ "https://w3id.org/dsv/class-role#main" ],
    id: "https://mff-uk.github.io/specifications/dcat-ap#Relationship",
    type: [ "class-profile" ],
    profiling: [ "https://mff-uk.github.io/specifications/dcat-dap#Relationship" ],
    usageNote: {},
    usageNoteFromProfiled: "https://mff-uk.github.io/specifications/dcat-dap#Relationship",
    externalDocumentationUrl: "https://semiceu.github.io/DCAT-AP/releases/3.0.1/#Relationship",
    name: {},
    nameFromProfiled: "https://mff-uk.github.io/specifications/dcat-dap#Relationship",
    nameProperty: "http://www.w3.org/2004/02/skos/core#prefLabel",
    description: {},
    descriptionFromProfiled: "https://mff-uk.github.io/specifications/dcat-dap#Relationship",
    descriptionProperty: "http://www.w3.org/2004/02/skos/core#definition",
    order: null,
    controlledVocabularies: [],
  }, {
    iri: "https://mff-uk.github.io/specifications/dcat-ap#Relationship",
    tags: [ "https://w3id.org/dsv/class-role#main" ],
    id: "https://mff-uk.github.io/specifications/dcat-ap#Relationship",
    type: [ "class-profile" ],
    profiling: [ "https://mff-uk.github.io/specifications/dcat-dap#Relationship" ],
    usageNote: {},
    usageNoteFromProfiled: "https://mff-uk.github.io/specifications/dcat-dap#Relationship",
    externalDocumentationUrl: "https://semiceu.github.io/DCAT-AP/releases/3.0.1/#Relationship",
    name: {},
    nameFromProfiled: "https://mff-uk.github.io/specifications/dcat-dap#Relationship",
    nameProperty: "http://www.w3.org/2004/02/skos/core#prefLabel",
    description: {},
    descriptionFromProfiled: "https://mff-uk.github.io/specifications/dcat-dap#Relationship",
    descriptionProperty: "http://www.w3.org/2004/02/skos/core#definition",
  }
]
Unable to merge entities with colliding id https://mff-uk.github.io/specifications/dcat-ap#CataloguedResource because they are of unsupported types. Falling back to the first one. [
  {
    iri: "https://mff-uk.github.io/specifications/dcat-ap#CataloguedResource",
    tags: [ "https://w3id.org/dsv/class-role#main" ],
    id: "https://mff-uk.github.io/specifications/dcat-ap#CataloguedResource",
    type: [ "class-profile" ],
    profiling: [ "https://mff-uk.github.io/specifications/dcat-dap#CatalogedResource" ],
    usageNote: {
      en: "This class Catalogued Resource is an abstract class for DCAT-AP. Therefore only subclasses should be used in a data exchange.",
    },
    usageNoteFromProfiled: null,
    externalDocumentationUrl: "https://semiceu.github.io/DCAT-AP/releases/3.0.1/#CataloguedResource",
    name: {
      en: "Catalogued Resource",
      cs: "Katalogizovaný zdroj",
      es: "Recurso catalogado",
      it: "Risorsa catalogata",
      da: "Katalogiseret ressource",
    },
    nameFromProfiled: null,
    nameProperty: null,
    description: {},
    descriptionFromProfiled: "https://mff-uk.github.io/specifications/dcat-dap#CatalogedResource",
    descriptionProperty: "http://www.w3.org/2004/02/skos/core#definition",
    order: null,
    controlledVocabularies: [],
  }, {
    iri: "https://mff-uk.github.io/specifications/dcat-ap#CataloguedResource",
    tags: [ "https://w3id.org/dsv/class-role#main" ],
    id: "https://mff-uk.github.io/specifications/dcat-ap#CataloguedResource",
    type: [ "class-profile" ],
    profiling: [ "https://mff-uk.github.io/specifications/dcat-dap#CatalogedResource" ],
    usageNote: {
      en: "This class Catalogued Resource is an abstract class for DCAT-AP. Therefore only subclasses should be used in a data exchange.",
    },
    usageNoteFromProfiled: null,
    externalDocumentationUrl: "https://semiceu.github.io/DCAT-AP/releases/3.0.1/#CataloguedResource",
    name: {
      en: "Catalogued Resource",
      cs: "Katalogizovaný zdroj",
      es: "Recurso catalogado",
      it: "Risorsa catalogata",
      da: "Katalogiseret ressource",
    },
    nameFromProfiled: null,
    nameProperty: null,
    description: {},
    descriptionFromProfiled: "https://mff-uk.github.io/specifications/dcat-dap#CatalogedResource",
    descriptionProperty: "http://www.w3.org/2004/02/skos/core#definition",
  }
]
Unable to merge entities with colliding id https://mff-uk.github.io/specifications/dcat-ap#Role because they are of unsupported types. Falling back to the first one. [
  {
    iri: "https://mff-uk.github.io/specifications/dcat-ap#Role",
    tags: [ "https://w3id.org/dsv/class-role#supportive" ],
    id: "https://mff-uk.github.io/specifications/dcat-ap#Role",
    type: [ "class-profile" ],
    profiling: [ "https://mff-uk.github.io/specifications/dcat-dap#Role" ],
    usageNote: {},
    usageNoteFromProfiled: "https://mff-uk.github.io/specifications/dcat-dap#Role",
    externalDocumentationUrl: "https://semiceu.github.io/DCAT-AP/releases/3.0.1/#Role",
    name: {},
    nameFromProfiled: "https://mff-uk.github.io/specifications/dcat-dap#Role",
    nameProperty: "http://www.w3.org/2004/02/skos/core#prefLabel",
    description: {},
    descriptionFromProfiled: "https://mff-uk.github.io/specifications/dcat-dap#Role",
    descriptionProperty: "http://www.w3.org/2004/02/skos/core#definition",
    order: null,
    controlledVocabularies: [],
  }, {
    iri: "https://mff-uk.github.io/specifications/dcat-ap#Role",
    tags: [ "https://w3id.org/dsv/class-role#supportive" ],
    id: "https://mff-uk.github.io/specifications/dcat-ap#Role",
    type: [ "class-profile" ],
    profiling: [ "https://mff-uk.github.io/specifications/dcat-dap#Role" ],
    usageNote: {},
    usageNoteFromProfiled: "https://mff-uk.github.io/specifications/dcat-dap#Role",
    externalDocumentationUrl: "https://semiceu.github.io/DCAT-AP/releases/3.0.1/#Role",
    name: {},
    nameFromProfiled: "https://mff-uk.github.io/specifications/dcat-dap#Role",
    nameProperty: "http://www.w3.org/2004/02/skos/core#prefLabel",
    description: {},
    descriptionFromProfiled: "https://mff-uk.github.io/specifications/dcat-dap#Role",
    descriptionProperty: "http://www.w3.org/2004/02/skos/core#definition",
  }
]
Unable to merge entities with colliding id https://mff-uk.github.io/specifications/dcat-ap#Agent because they are of unsupported types. Falling back to the first one. [
  {
    iri: "https://mff-uk.github.io/specifications/dcat-ap#Agent",
    tags: [ "https://w3id.org/dsv/class-role#main" ],
    id: "https://mff-uk.github.io/specifications/dcat-ap#Agent",
    type: [ "class-profile" ],
    profiling: [ "https://mff-uk.github.io/specifications/dcat-dap#Agent" ],
    usageNote: {
      en: "If the Agent is an organisation, the use of the Organization Ontology is recommended.",
    },
    usageNoteFromProfiled: null,
    externalDocumentationUrl: "https://semiceu.github.io/DCAT-AP/releases/3.0.1/#Agent",
    name: {},
    nameFromProfiled: "https://mff-uk.github.io/specifications/dcat-dap#Agent",
    nameProperty: "http://www.w3.org/2004/02/skos/core#prefLabel",
    description: {
      en: "Any entity carrying out actions with respect to the entities Catalogue and the Catalogued Resources.",
    },
    descriptionFromProfiled: null,
    descriptionProperty: null,
    order: null,
    controlledVocabularies: [],
  }, {
    iri: "https://mff-uk.github.io/specifications/dcat-ap#Agent",
    tags: [ "https://w3id.org/dsv/class-role#main" ],
    id: "https://mff-uk.github.io/specifications/dcat-ap#Agent",
    type: [ "class-profile" ],
    profiling: [ "https://mff-uk.github.io/specifications/dcat-dap#Agent" ],
    usageNote: {
      en: "If the Agent is an organisation, the use of the Organization Ontology is recommended.",
    },
    usageNoteFromProfiled: null,
    externalDocumentationUrl: "https://semiceu.github.io/DCAT-AP/releases/3.0.1/#Agent",
    name: {},
    nameFromProfiled: "https://mff-uk.github.io/specifications/dcat-dap#Agent",
    nameProperty: "http://www.w3.org/2004/02/skos/core#prefLabel",
    description: {
      en: "Any entity carrying out actions with respect to the entities Catalogue and the Catalogued Resources.",
    },
    descriptionFromProfiled: null,
    descriptionProperty: null,
  }
]
Unable to merge entities with colliding id https://mff-uk.github.io/specifications/dcat-ap#Concept because they are of unsupported types. Falling back to the first one. [
  {
    iri: "https://mff-uk.github.io/specifications/dcat-ap#Concept",
    tags: [ "https://w3id.org/dsv/class-role#supportive" ],
    id: "https://mff-uk.github.io/specifications/dcat-ap#Concept",
    type: [ "class-profile" ],
    profiling: [ "http://www.w3.org/2004/02/skos/core#Concept" ],
    usageNote: {
      en: "In DCAT-AP, a Concept is used to denote codes within a codelist. In section 10. Controlled Vocabularies the expectations are elaborated in more detail.",
    },
    usageNoteFromProfiled: null,
    externalDocumentationUrl: "https://semiceu.github.io/DCAT-AP/releases/3.0.1/#Concept",
    name: {
      en: "Concept",
    },
    nameFromProfiled: null,
    nameProperty: null,
    description: {
      en: "An idea or notion; a unit of thought.",
    },
    descriptionFromProfiled: null,
    descriptionProperty: null,
    order: null,
    controlledVocabularies: [],
  }, {
    iri: "https://mff-uk.github.io/specifications/dcat-ap#Concept",
    tags: [ "https://w3id.org/dsv/class-role#supportive" ],
    id: "https://mff-uk.github.io/specifications/dcat-ap#Concept",
    type: [ "class-profile" ],
    profiling: [ "http://www.w3.org/2004/02/skos/core#Concept" ],
    usageNote: {
      en: "In DCAT-AP, a Concept is used to denote codes within a codelist. In section 10. Controlled Vocabularies the expectations are elaborated in more detail.",
    },
    usageNoteFromProfiled: null,
    externalDocumentationUrl: "https://semiceu.github.io/DCAT-AP/releases/3.0.1/#Concept",
    name: {
      en: "Concept",
    },
    nameFromProfiled: null,
    nameProperty: null,
    description: {
      en: "An idea or notion; a unit of thought.",
    },
    descriptionFromProfiled: null,
    descriptionProperty: null,
  }
]
Unable to merge entities with colliding id https://mff-uk.github.io/specifications/dcat-ap#LegalResource because they are of unsupported types. Falling back to the first one. [
  {
    iri: "https://mff-uk.github.io/specifications/dcat-ap#LegalResource",
    tags: [ "https://w3id.org/dsv/class-role#supportive" ],
    id: "https://mff-uk.github.io/specifications/dcat-ap#LegalResource",
    type: [ "class-profile" ],
    profiling: [ "http://data.europa.eu/eli/ontology#LegalResource" ],
    usageNote: {
      en: "The definition and properties of the Legal Resource class are aligned with the ontology included in \"Council conclusions inviting the introduction of the European Legislation Identifier (ELI)\". For describing the attributes of a Legal Resource (labels, preferred labels, alternative labels, definition, etc.) we refer to the (ELI) ontology. In this data specification the use is restricted to instances of this class that follow the (ELI) URI guidelines.",
    },
    usageNoteFromProfiled: null,
    externalDocumentationUrl: "https://semiceu.github.io/DCAT-AP/releases/3.0.1/#LegalResource",
    name: {},
    nameFromProfiled: "http://data.europa.eu/eli/ontology#LegalResource",
    nameProperty: "http://www.w3.org/2004/02/skos/core#prefLabel",
    description: {
      en: "This class represents the legislation,policy or policies that lie behind the Rules that govern the service.",
    },
    descriptionFromProfiled: null,
    descriptionProperty: null,
    order: null,
    controlledVocabularies: [],
  }, {
    iri: "https://mff-uk.github.io/specifications/dcat-ap#LegalResource",
    tags: [ "https://w3id.org/dsv/class-role#supportive" ],
    id: "https://mff-uk.github.io/specifications/dcat-ap#LegalResource",
    type: [ "class-profile" ],
    profiling: [ "http://data.europa.eu/eli/ontology#LegalResource" ],
    usageNote: {
      en: "The definition and properties of the Legal Resource class are aligned with the ontology included in \"Council conclusions inviting the introduction of the European Legislation Identifier (ELI)\". For describing the attributes of a Legal Resource (labels, preferred labels, alternative labels, definition, etc.) we refer to the (ELI) ontology. In this data specification the use is restricted to instances of this class that follow the (ELI) URI guidelines.",
    },
    usageNoteFromProfiled: null,
    externalDocumentationUrl: "https://semiceu.github.io/DCAT-AP/releases/3.0.1/#LegalResource",
    name: {},
    nameFromProfiled: "http://data.europa.eu/eli/ontology#LegalResource",
    nameProperty: "http://www.w3.org/2004/02/skos/core#prefLabel",
    description: {
      en: "This class represents the legislation,policy or policies that lie behind the Rules that govern the service.",
    },
    descriptionFromProfiled: null,
    descriptionProperty: null,
  }
]
Unable to merge entities with colliding id https://mff-uk.github.io/specifications/dcat-ap#Location because they are of unsupported types. Falling back to the first one. [
  {
    iri: "https://mff-uk.github.io/specifications/dcat-ap#Location",
    tags: [ "https://w3id.org/dsv/class-role#main" ],
    id: "https://mff-uk.github.io/specifications/dcat-ap#Location",
    type: [ "class-profile" ],
    profiling: [ "https://mff-uk.github.io/specifications/dcat-dap#Location" ],
    usageNote: {
      en: "It can be represented using a controlled vocabulary or with geographic coordinates. In the latter case, the use of the Core Location Vocabulary is recommended, following the approach described in the GeoDCAT-AP specification.",
    },
    usageNoteFromProfiled: null,
    externalDocumentationUrl: "https://semiceu.github.io/DCAT-AP/releases/3.0.1/#Location",
    name: {},
    nameFromProfiled: "https://mff-uk.github.io/specifications/dcat-dap#Location",
    nameProperty: "http://www.w3.org/2004/02/skos/core#prefLabel",
    description: {},
    descriptionFromProfiled: "https://mff-uk.github.io/specifications/dcat-dap#Location",
    descriptionProperty: "http://www.w3.org/2004/02/skos/core#definition",
    order: null,
    controlledVocabularies: [],
  }, {
    iri: "https://mff-uk.github.io/specifications/dcat-ap#Location",
    tags: [ "https://w3id.org/dsv/class-role#main" ],
    id: "https://mff-uk.github.io/specifications/dcat-ap#Location",
    type: [ "class-profile" ],
    profiling: [ "https://mff-uk.github.io/specifications/dcat-dap#Location" ],
    usageNote: {
      en: "It can be represented using a controlled vocabulary or with geographic coordinates. In the latter case, the use of the Core Location Vocabulary is recommended, following the approach described in the GeoDCAT-AP specification.",
    },
    usageNoteFromProfiled: null,
    externalDocumentationUrl: "https://semiceu.github.io/DCAT-AP/releases/3.0.1/#Location",
    name: {},
    nameFromProfiled: "https://mff-uk.github.io/specifications/dcat-dap#Location",
    nameProperty: "http://www.w3.org/2004/02/skos/core#prefLabel",
    description: {},
    descriptionFromProfiled: "https://mff-uk.github.io/specifications/dcat-dap#Location",
    descriptionProperty: "http://www.w3.org/2004/02/skos/core#definition",
  }
]
Unable to merge entities with colliding id https://mff-uk.github.io/specifications/dcat-ap#Document because they are of unsupported types. Falling back to the first one. [
  {
    iri: "https://mff-uk.github.io/specifications/dcat-ap#Document",
    tags: [ "https://w3id.org/dsv/class-role#supportive" ],
    id: "https://mff-uk.github.io/specifications/dcat-ap#Document",
    type: [ "class-profile" ],
    profiling: [ "http://xmlns.com/foaf/0.1/Document" ],
    usageNote: {},
    usageNoteFromProfiled: null,
    externalDocumentationUrl: "https://semiceu.github.io/DCAT-AP/releases/3.0.1/#Document",
    name: {},
    nameFromProfiled: "http://xmlns.com/foaf/0.1/Document",
    nameProperty: "http://www.w3.org/2004/02/skos/core#prefLabel",
    description: {
      en: "A textual resource intended for human consumption that contains information, e.g. a web page about a Dataset.",
    },
    descriptionFromProfiled: null,
    descriptionProperty: null,
    order: null,
    controlledVocabularies: [],
  }, {
    iri: "https://mff-uk.github.io/specifications/dcat-ap#Document",
    tags: [ "https://w3id.org/dsv/class-role#supportive" ],
    id: "https://mff-uk.github.io/specifications/dcat-ap#Document",
    type: [ "class-profile" ],
    profiling: [ "http://xmlns.com/foaf/0.1/Document" ],
    usageNote: {},
    usageNoteFromProfiled: null,
    externalDocumentationUrl: "https://semiceu.github.io/DCAT-AP/releases/3.0.1/#Document",
    name: {},
    nameFromProfiled: "http://xmlns.com/foaf/0.1/Document",
    nameProperty: "http://www.w3.org/2004/02/skos/core#prefLabel",
    description: {
      en: "A textual resource intended for human consumption that contains information, e.g. a web page about a Dataset.",
    },
    descriptionFromProfiled: null,
    descriptionProperty: null,
  }
]
Unable to merge entities with colliding id https://mff-uk.github.io/specifications/dcat-ap#LinguisticSystem because they are of unsupported types. Falling back to the first one. [
  {
    iri: "https://mff-uk.github.io/specifications/dcat-ap#LinguisticSystem",
    tags: [ "https://w3id.org/dsv/class-role#supportive" ],
    id: "https://mff-uk.github.io/specifications/dcat-ap#LinguisticSystem",
    type: [ "class-profile" ],
    profiling: [ "https://mff-uk.github.io/specifications/dcat-dap#LinguisticSystem" ],
    usageNote: {},
    usageNoteFromProfiled: "https://mff-uk.github.io/specifications/dcat-dap#LinguisticSystem",
    externalDocumentationUrl: null,
    name: {},
    nameFromProfiled: "https://mff-uk.github.io/specifications/dcat-dap#LinguisticSystem",
    nameProperty: "http://www.w3.org/2004/02/skos/core#prefLabel",
    description: {
      en: "A system of signs, symbols, sounds, gestures, or rules used in communication, e.g. a language.",
    },
    descriptionFromProfiled: null,
    descriptionProperty: null,
    order: null,
    controlledVocabularies: [],
  }, {
    iri: "https://mff-uk.github.io/specifications/dcat-ap#LinguisticSystem",
    tags: [ "https://w3id.org/dsv/class-role#supportive" ],
    id: "https://mff-uk.github.io/specifications/dcat-ap#LinguisticSystem",
    type: [ "class-profile" ],
    profiling: [ "https://mff-uk.github.io/specifications/dcat-dap#LinguisticSystem" ],
    usageNote: {},
    usageNoteFromProfiled: "https://mff-uk.github.io/specifications/dcat-dap#LinguisticSystem",
    externalDocumentationUrl: null,
    name: {},
    nameFromProfiled: "https://mff-uk.github.io/specifications/dcat-dap#LinguisticSystem",
    nameProperty: "http://www.w3.org/2004/02/skos/core#prefLabel",
    description: {
      en: "A system of signs, symbols, sounds, gestures, or rules used in communication, e.g. a language.",
    },
    descriptionFromProfiled: null,
    descriptionProperty: null,
  }
]
Unable to merge entities with colliding id https://mff-uk.github.io/specifications/dcat-ap#LicenceDocument because they are of unsupported types. Falling back to the first one. [
  {
    iri: "https://mff-uk.github.io/specifications/dcat-ap#LicenceDocument",
    tags: [ "https://w3id.org/dsv/class-role#main" ],
    id: "https://mff-uk.github.io/specifications/dcat-ap#LicenceDocument",
    type: [ "class-profile" ],
    profiling: [ "https://mff-uk.github.io/specifications/dcat-dap#LicenseDocument" ],
    usageNote: {},
    usageNoteFromProfiled: "https://mff-uk.github.io/specifications/dcat-dap#LicenseDocument",
    externalDocumentationUrl: null,
    name: {
      en: "Licence Document",
    },
    nameFromProfiled: null,
    nameProperty: null,
    description: {},
    descriptionFromProfiled: "https://mff-uk.github.io/specifications/dcat-dap#LicenseDocument",
    descriptionProperty: "http://www.w3.org/2004/02/skos/core#definition",
    order: null,
    controlledVocabularies: [],
  }, {
    iri: "https://mff-uk.github.io/specifications/dcat-ap#LicenceDocument",
    tags: [ "https://w3id.org/dsv/class-role#main" ],
    id: "https://mff-uk.github.io/specifications/dcat-ap#LicenceDocument",
    type: [ "class-profile" ],
    profiling: [ "https://mff-uk.github.io/specifications/dcat-dap#LicenseDocument" ],
    usageNote: {},
    usageNoteFromProfiled: "https://mff-uk.github.io/specifications/dcat-dap#LicenseDocument",
    externalDocumentationUrl: null,
    name: {
      en: "Licence Document",
    },
    nameFromProfiled: null,
    nameProperty: null,
    description: {},
    descriptionFromProfiled: "https://mff-uk.github.io/specifications/dcat-dap#LicenseDocument",
    descriptionProperty: "http://www.w3.org/2004/02/skos/core#definition",
  }
]
Unable to merge entities with colliding id https://mff-uk.github.io/specifications/dcat-ap#RightsStatement because they are of unsupported types. Falling back to the first one. [
  {
    iri: "https://mff-uk.github.io/specifications/dcat-ap#RightsStatement",
    tags: [ "https://w3id.org/dsv/class-role#supportive" ],
    id: "https://mff-uk.github.io/specifications/dcat-ap#RightsStatement",
    type: [ "class-profile" ],
    profiling: [ "https://mff-uk.github.io/specifications/dcat-dap#RightsStatement" ],
    usageNote: {},
    usageNoteFromProfiled: "https://mff-uk.github.io/specifications/dcat-dap#RightsStatement",
    externalDocumentationUrl: "https://semiceu.github.io/DCAT-AP/releases/3.0.1/#Rightsstatement",
    name: {},
    nameFromProfiled: "https://mff-uk.github.io/specifications/dcat-dap#RightsStatement",
    nameProperty: "http://www.w3.org/2004/02/skos/core#prefLabel",
    description: {},
    descriptionFromProfiled: "https://mff-uk.github.io/specifications/dcat-dap#RightsStatement",
    descriptionProperty: "http://www.w3.org/2004/02/skos/core#definition",
    order: null,
    controlledVocabularies: [],
  }, {
    iri: "https://mff-uk.github.io/specifications/dcat-ap#RightsStatement",
    tags: [ "https://w3id.org/dsv/class-role#supportive" ],
    id: "https://mff-uk.github.io/specifications/dcat-ap#RightsStatement",
    type: [ "class-profile" ],
    profiling: [ "https://mff-uk.github.io/specifications/dcat-dap#RightsStatement" ],
    usageNote: {},
    usageNoteFromProfiled: "https://mff-uk.github.io/specifications/dcat-dap#RightsStatement",
    externalDocumentationUrl: "https://semiceu.github.io/DCAT-AP/releases/3.0.1/#Rightsstatement",
    name: {},
    nameFromProfiled: "https://mff-uk.github.io/specifications/dcat-dap#RightsStatement",
    nameProperty: "http://www.w3.org/2004/02/skos/core#prefLabel",
    description: {},
    descriptionFromProfiled: "https://mff-uk.github.io/specifications/dcat-dap#RightsStatement",
    descriptionProperty: "http://www.w3.org/2004/02/skos/core#definition",
  }
]
Unable to merge entities with colliding id https://mff-uk.github.io/specifications/dcat-ap#Standard because they are of unsupported types. Falling back to the first one. [
  {
    iri: "https://mff-uk.github.io/specifications/dcat-ap#Standard",
    tags: [ "https://w3id.org/dsv/class-role#supportive" ],
    id: "https://mff-uk.github.io/specifications/dcat-ap#Standard",
    type: [ "class-profile" ],
    profiling: [ "https://mff-uk.github.io/specifications/dcat-dap#Standard" ],
    usageNote: {},
    usageNoteFromProfiled: "https://mff-uk.github.io/specifications/dcat-dap#Standard",
    externalDocumentationUrl: "https://semiceu.github.io/DCAT-AP/releases/3.0.1/#Standard",
    name: {},
    nameFromProfiled: "https://mff-uk.github.io/specifications/dcat-dap#Standard",
    nameProperty: "http://www.w3.org/2004/02/skos/core#prefLabel",
    description: {
      en: "A standard or other specification to which a resource conforms.",
    },
    descriptionFromProfiled: null,
    descriptionProperty: null,
    order: null,
    controlledVocabularies: [],
  }, {
    iri: "https://mff-uk.github.io/specifications/dcat-ap#Standard",
    tags: [ "https://w3id.org/dsv/class-role#supportive" ],
    id: "https://mff-uk.github.io/specifications/dcat-ap#Standard",
    type: [ "class-profile" ],
    profiling: [ "https://mff-uk.github.io/specifications/dcat-dap#Standard" ],
    usageNote: {},
    usageNoteFromProfiled: "https://mff-uk.github.io/specifications/dcat-dap#Standard",
    externalDocumentationUrl: "https://semiceu.github.io/DCAT-AP/releases/3.0.1/#Standard",
    name: {},
    nameFromProfiled: "https://mff-uk.github.io/specifications/dcat-dap#Standard",
    nameProperty: "http://www.w3.org/2004/02/skos/core#prefLabel",
    description: {
      en: "A standard or other specification to which a resource conforms.",
    },
    descriptionFromProfiled: null,
    descriptionProperty: null,
  }
]
Unable to merge entities with colliding id https://mff-uk.github.io/specifications/dcat-ap#rdfs-Resource because they are of unsupported types. Falling back to the first one. [
  {
    iri: "https://mff-uk.github.io/specifications/dcat-ap#rdfs-Resource",
    tags: [ "https://w3id.org/dsv/class-role#supportive" ],
    id: "https://mff-uk.github.io/specifications/dcat-ap#rdfs-Resource",
    type: [ "class-profile" ],
    profiling: [ "https://mff-uk.github.io/specifications/dcat-dap#rdfs-Resource" ],
    usageNote: {},
    usageNoteFromProfiled: "https://mff-uk.github.io/specifications/dcat-dap#rdfs-Resource",
    externalDocumentationUrl: "https://semiceu.github.io/DCAT-AP/releases/3.0.1/#Resource",
    name: {},
    nameFromProfiled: "https://mff-uk.github.io/specifications/dcat-dap#rdfs-Resource",
    nameProperty: "http://www.w3.org/2004/02/skos/core#prefLabel",
    description: {
      en: "Anything described by RDF.",
    },
    descriptionFromProfiled: null,
    descriptionProperty: null,
    order: null,
    controlledVocabularies: [],
  }, {
    iri: "https://mff-uk.github.io/specifications/dcat-ap#rdfs-Resource",
    tags: [ "https://w3id.org/dsv/class-role#supportive" ],
    id: "https://mff-uk.github.io/specifications/dcat-ap#rdfs-Resource",
    type: [ "class-profile" ],
    profiling: [ "https://mff-uk.github.io/specifications/dcat-dap#rdfs-Resource" ],
    usageNote: {},
    usageNoteFromProfiled: "https://mff-uk.github.io/specifications/dcat-dap#rdfs-Resource",
    externalDocumentationUrl: "https://semiceu.github.io/DCAT-AP/releases/3.0.1/#Resource",
    name: {},
    nameFromProfiled: "https://mff-uk.github.io/specifications/dcat-dap#rdfs-Resource",
    nameProperty: "http://www.w3.org/2004/02/skos/core#prefLabel",
    description: {
      en: "Anything described by RDF.",
    },
    descriptionFromProfiled: null,
    descriptionProperty: null,
  }
]
Unable to merge entities with colliding id https://mff-uk.github.io/specifications/dcat-ap#ProvenanceStatement because they are of unsupported types. Falling back to the first one. [
  {
    iri: "https://mff-uk.github.io/specifications/dcat-ap#ProvenanceStatement",
    tags: [ "https://w3id.org/dsv/class-role#supportive" ],
    id: "https://mff-uk.github.io/specifications/dcat-ap#ProvenanceStatement",
    type: [ "class-profile" ],
    profiling: [ "http://purl.org/dc/terms/ProvenanceStatement" ],
    usageNote: {},
    usageNoteFromProfiled: null,
    externalDocumentationUrl: "https://semiceu.github.io/DCAT-AP/releases/3.0.1/#ProvenanceStatement",
    name: {},
    nameFromProfiled: "http://purl.org/dc/terms/ProvenanceStatement",
    nameProperty: "http://www.w3.org/2004/02/skos/core#prefLabel",
    description: {},
    descriptionFromProfiled: "http://purl.org/dc/terms/ProvenanceStatement",
    descriptionProperty: "http://www.w3.org/2004/02/skos/core#definition",
    order: null,
    controlledVocabularies: [],
  }, {
    iri: "https://mff-uk.github.io/specifications/dcat-ap#ProvenanceStatement",
    tags: [ "https://w3id.org/dsv/class-role#supportive" ],
    id: "https://mff-uk.github.io/specifications/dcat-ap#ProvenanceStatement",
    type: [ "class-profile" ],
    profiling: [ "http://purl.org/dc/terms/ProvenanceStatement" ],
    usageNote: {},
    usageNoteFromProfiled: null,
    externalDocumentationUrl: "https://semiceu.github.io/DCAT-AP/releases/3.0.1/#ProvenanceStatement",
    name: {},
    nameFromProfiled: "http://purl.org/dc/terms/ProvenanceStatement",
    nameProperty: "http://www.w3.org/2004/02/skos/core#prefLabel",
    description: {},
    descriptionFromProfiled: "http://purl.org/dc/terms/ProvenanceStatement",
    descriptionProperty: "http://www.w3.org/2004/02/skos/core#definition",
  }
]
Unable to merge entities with colliding id https://mff-uk.github.io/specifications/dcat-ap#Policy because they are of unsupported types. Falling back to the first one. [
  {
    iri: "https://mff-uk.github.io/specifications/dcat-ap#Policy",
    tags: [ "https://w3id.org/dsv/class-role#supportive" ],
    id: "https://mff-uk.github.io/specifications/dcat-ap#Policy",
    type: [ "class-profile" ],
    profiling: [ "https://mff-uk.github.io/specifications/dcat-dap#Policy" ],
    usageNote: {},
    usageNoteFromProfiled: "https://mff-uk.github.io/specifications/dcat-dap#Policy",
    externalDocumentationUrl: "https://semiceu.github.io/DCAT-AP/releases/3.0.1/#Policy",
    name: {},
    nameFromProfiled: "https://mff-uk.github.io/specifications/dcat-dap#Policy",
    nameProperty: "http://www.w3.org/2004/02/skos/core#prefLabel",
    description: {
      en: "A non-empty group of Permissions and/or Prohibitions.",
    },
    descriptionFromProfiled: null,
    descriptionProperty: null,
    order: null,
    controlledVocabularies: [],
  }, {
    iri: "https://mff-uk.github.io/specifications/dcat-ap#Policy",
    tags: [ "https://w3id.org/dsv/class-role#supportive" ],
    id: "https://mff-uk.github.io/specifications/dcat-ap#Policy",
    type: [ "class-profile" ],
    profiling: [ "https://mff-uk.github.io/specifications/dcat-dap#Policy" ],
    usageNote: {},
    usageNoteFromProfiled: "https://mff-uk.github.io/specifications/dcat-dap#Policy",
    externalDocumentationUrl: "https://semiceu.github.io/DCAT-AP/releases/3.0.1/#Policy",
    name: {},
    nameFromProfiled: "https://mff-uk.github.io/specifications/dcat-dap#Policy",
    nameProperty: "http://www.w3.org/2004/02/skos/core#prefLabel",
    description: {
      en: "A non-empty group of Permissions and/or Prohibitions.",
    },
    descriptionFromProfiled: null,
    descriptionProperty: null,
  }
]
Unable to merge entities with colliding id https://mff-uk.github.io/specifications/dcat-ap#PeriodOfTime because they are of unsupported types. Falling back to the first one. [
  {
    iri: "https://mff-uk.github.io/specifications/dcat-ap#PeriodOfTime",
    tags: [ "https://w3id.org/dsv/class-role#supportive" ],
    id: "https://mff-uk.github.io/specifications/dcat-ap#PeriodOfTime",
    type: [ "class-profile" ],
    profiling: [ "https://mff-uk.github.io/specifications/dcat-dap#PeriodOfTime" ],
    usageNote: {},
    usageNoteFromProfiled: "https://mff-uk.github.io/specifications/dcat-dap#PeriodOfTime",
    externalDocumentationUrl: "https://semiceu.github.io/DCAT-AP/releases/3.0.1/#Periodoftime",
    name: {},
    nameFromProfiled: "https://mff-uk.github.io/specifications/dcat-dap#PeriodOfTime",
    nameProperty: "http://www.w3.org/2004/02/skos/core#prefLabel",
    description: {},
    descriptionFromProfiled: "https://mff-uk.github.io/specifications/dcat-dap#PeriodOfTime",
    descriptionProperty: "http://www.w3.org/2004/02/skos/core#definition",
    order: null,
    controlledVocabularies: [],
  }, {
    iri: "https://mff-uk.github.io/specifications/dcat-ap#PeriodOfTime",
    tags: [ "https://w3id.org/dsv/class-role#supportive" ],
    id: "https://mff-uk.github.io/specifications/dcat-ap#PeriodOfTime",
    type: [ "class-profile" ],
    profiling: [ "https://mff-uk.github.io/specifications/dcat-dap#PeriodOfTime" ],
    usageNote: {},
    usageNoteFromProfiled: "https://mff-uk.github.io/specifications/dcat-dap#PeriodOfTime",
    externalDocumentationUrl: "https://semiceu.github.io/DCAT-AP/releases/3.0.1/#Periodoftime",
    name: {},
    nameFromProfiled: "https://mff-uk.github.io/specifications/dcat-dap#PeriodOfTime",
    nameProperty: "http://www.w3.org/2004/02/skos/core#prefLabel",
    description: {},
    descriptionFromProfiled: "https://mff-uk.github.io/specifications/dcat-dap#PeriodOfTime",
    descriptionProperty: "http://www.w3.org/2004/02/skos/core#definition",
  }
]
Unable to merge entities with colliding id https://mff-uk.github.io/specifications/dcat-ap#MediaTypeOrExtent because they are of unsupported types. Falling back to the first one. [
  {
    iri: "https://mff-uk.github.io/specifications/dcat-ap#MediaTypeOrExtent",
    tags: [ "https://w3id.org/dsv/class-role#supportive" ],
    id: "https://mff-uk.github.io/specifications/dcat-ap#MediaTypeOrExtent",
    type: [ "class-profile" ],
    profiling: [ "https://mff-uk.github.io/specifications/dcat-dap#MediaTypeOrExtent" ],
    usageNote: {},
    usageNoteFromProfiled: "https://mff-uk.github.io/specifications/dcat-dap#MediaTypeOrExtent",
    externalDocumentationUrl: "https://semiceu.github.io/DCAT-AP/releases/3.0.1/#MediaTypeorExtent",
    name: {},
    nameFromProfiled: "https://mff-uk.github.io/specifications/dcat-dap#MediaTypeOrExtent",
    nameProperty: "http://www.w3.org/2004/02/skos/core#prefLabel",
    description: {},
    descriptionFromProfiled: "https://mff-uk.github.io/specifications/dcat-dap#MediaTypeOrExtent",
    descriptionProperty: "http://www.w3.org/2004/02/skos/core#definition",
    order: null,
    controlledVocabularies: [],
  }, {
    iri: "https://mff-uk.github.io/specifications/dcat-ap#MediaTypeOrExtent",
    tags: [ "https://w3id.org/dsv/class-role#supportive" ],
    id: "https://mff-uk.github.io/specifications/dcat-ap#MediaTypeOrExtent",
    type: [ "class-profile" ],
    profiling: [ "https://mff-uk.github.io/specifications/dcat-dap#MediaTypeOrExtent" ],
    usageNote: {},
    usageNoteFromProfiled: "https://mff-uk.github.io/specifications/dcat-dap#MediaTypeOrExtent",
    externalDocumentationUrl: "https://semiceu.github.io/DCAT-AP/releases/3.0.1/#MediaTypeorExtent",
    name: {},
    nameFromProfiled: "https://mff-uk.github.io/specifications/dcat-dap#MediaTypeOrExtent",
    nameProperty: "http://www.w3.org/2004/02/skos/core#prefLabel",
    description: {},
    descriptionFromProfiled: "https://mff-uk.github.io/specifications/dcat-dap#MediaTypeOrExtent",
    descriptionProperty: "http://www.w3.org/2004/02/skos/core#definition",
  }
]
Unable to merge entities with colliding id https://mff-uk.github.io/specifications/dcat-ap#MediaType because they are of unsupported types. Falling back to the first one. [
  {
    iri: "https://mff-uk.github.io/specifications/dcat-ap#MediaType",
    tags: [ "https://w3id.org/dsv/class-role#supportive" ],
    id: "https://mff-uk.github.io/specifications/dcat-ap#MediaType",
    type: [ "class-profile" ],
    profiling: [ "https://mff-uk.github.io/specifications/dcat-dap#MediaType" ],
    usageNote: {},
    usageNoteFromProfiled: "https://mff-uk.github.io/specifications/dcat-dap#MediaType",
    externalDocumentationUrl: "https://semiceu.github.io/DCAT-AP/releases/3.0.1/#MediaType",
    name: {},
    nameFromProfiled: "https://mff-uk.github.io/specifications/dcat-dap#MediaType",
    nameProperty: "http://www.w3.org/2004/02/skos/core#prefLabel",
    description: {},
    descriptionFromProfiled: "https://mff-uk.github.io/specifications/dcat-dap#MediaType",
    descriptionProperty: "http://www.w3.org/2004/02/skos/core#definition",
    order: null,
    controlledVocabularies: [],
  }, {
    iri: "https://mff-uk.github.io/specifications/dcat-ap#MediaType",
    tags: [ "https://w3id.org/dsv/class-role#supportive" ],
    id: "https://mff-uk.github.io/specifications/dcat-ap#MediaType",
    type: [ "class-profile" ],
    profiling: [ "https://mff-uk.github.io/specifications/dcat-dap#MediaType" ],
    usageNote: {},
    usageNoteFromProfiled: "https://mff-uk.github.io/specifications/dcat-dap#MediaType",
    externalDocumentationUrl: "https://semiceu.github.io/DCAT-AP/releases/3.0.1/#MediaType",
    name: {},
    nameFromProfiled: "https://mff-uk.github.io/specifications/dcat-dap#MediaType",
    nameProperty: "http://www.w3.org/2004/02/skos/core#prefLabel",
    description: {},
    descriptionFromProfiled: "https://mff-uk.github.io/specifications/dcat-dap#MediaType",
    descriptionProperty: "http://www.w3.org/2004/02/skos/core#definition",
  }
]
Unable to merge entities with colliding id https://mff-uk.github.io/specifications/dcat-ap#Identifier because they are of unsupported types. Falling back to the first one. [
  {
    iri: "https://mff-uk.github.io/specifications/dcat-ap#Identifier",
    tags: [ "https://w3id.org/dsv/class-role#supportive" ],
    id: "https://mff-uk.github.io/specifications/dcat-ap#Identifier",
    type: [ "class-profile" ],
    profiling: [ "http://www.w3.org/ns/adms#Identifier" ],
    usageNote: {
      en: "An identifier in a particular context, consisting of the\n- content string that is the identifier;\n- an optional identifier for the identifier scheme;\n- an optional identifier for the version of the identifier scheme;\n- an optional identifier for the agency that manages the identifier scheme.",
    },
    usageNoteFromProfiled: null,
    externalDocumentationUrl: "https://semiceu.github.io/DCAT-AP/releases/3.0.1/#Identifier",
    name: {},
    nameFromProfiled: "http://www.w3.org/ns/adms#Identifier",
    nameProperty: "http://www.w3.org/2004/02/skos/core#prefLabel",
    description: {
      en: "This is based on the UN/CEFACT Identifier class.",
    },
    descriptionFromProfiled: null,
    descriptionProperty: null,
    order: null,
    controlledVocabularies: [],
  }, {
    iri: "https://mff-uk.github.io/specifications/dcat-ap#Identifier",
    tags: [ "https://w3id.org/dsv/class-role#supportive" ],
    id: "https://mff-uk.github.io/specifications/dcat-ap#Identifier",
    type: [ "class-profile" ],
    profiling: [ "http://www.w3.org/ns/adms#Identifier" ],
    usageNote: {
      en: "An identifier in a particular context, consisting of the\n- content string that is the identifier;\n- an optional identifier for the identifier scheme;\n- an optional identifier for the version of the identifier scheme;\n- an optional identifier for the agency that manages the identifier scheme.",
    },
    usageNoteFromProfiled: null,
    externalDocumentationUrl: "https://semiceu.github.io/DCAT-AP/releases/3.0.1/#Identifier",
    name: {},
    nameFromProfiled: "http://www.w3.org/ns/adms#Identifier",
    nameProperty: "http://www.w3.org/2004/02/skos/core#prefLabel",
    description: {
      en: "This is based on the UN/CEFACT Identifier class.",
    },
    descriptionFromProfiled: null,
    descriptionProperty: null,
  }
]
Unable to merge entities with colliding id https://mff-uk.github.io/specifications/dcat-ap#Geometry because they are of unsupported types. Falling back to the first one. [
  {
    iri: "https://mff-uk.github.io/specifications/dcat-ap#Geometry",
    tags: [ "https://w3id.org/dsv/class-role#supportive" ],
    id: "https://mff-uk.github.io/specifications/dcat-ap#Geometry",
    type: [ "class-profile" ],
    profiling: [ "https://mff-uk.github.io/specifications/dcat-dap#Geometry" ],
    usageNote: {},
    usageNoteFromProfiled: "https://mff-uk.github.io/specifications/dcat-dap#Geometry",
    externalDocumentationUrl: "https://semiceu.github.io/DCAT-AP/releases/3.0.1/#Geometry",
    name: {},
    nameFromProfiled: "https://mff-uk.github.io/specifications/dcat-dap#Geometry",
    nameProperty: "http://www.w3.org/2004/02/skos/core#prefLabel",
    description: {},
    descriptionFromProfiled: "https://mff-uk.github.io/specifications/dcat-dap#Geometry",
    descriptionProperty: "http://www.w3.org/2004/02/skos/core#definition",
    order: null,
    controlledVocabularies: [],
  }, {
    iri: "https://mff-uk.github.io/specifications/dcat-ap#Geometry",
    tags: [ "https://w3id.org/dsv/class-role#supportive" ],
    id: "https://mff-uk.github.io/specifications/dcat-ap#Geometry",
    type: [ "class-profile" ],
    profiling: [ "https://mff-uk.github.io/specifications/dcat-dap#Geometry" ],
    usageNote: {},
    usageNoteFromProfiled: "https://mff-uk.github.io/specifications/dcat-dap#Geometry",
    externalDocumentationUrl: "https://semiceu.github.io/DCAT-AP/releases/3.0.1/#Geometry",
    name: {},
    nameFromProfiled: "https://mff-uk.github.io/specifications/dcat-dap#Geometry",
    nameProperty: "http://www.w3.org/2004/02/skos/core#prefLabel",
    description: {},
    descriptionFromProfiled: "https://mff-uk.github.io/specifications/dcat-dap#Geometry",
    descriptionProperty: "http://www.w3.org/2004/02/skos/core#definition",
  }
]
Unable to merge entities with colliding id https://mff-uk.github.io/specifications/dcat-ap#Frequency because they are of unsupported types. Falling back to the first one. [
  {
    iri: "https://mff-uk.github.io/specifications/dcat-ap#Frequency",
    tags: [ "https://w3id.org/dsv/class-role#supportive" ],
    id: "https://mff-uk.github.io/specifications/dcat-ap#Frequency",
    type: [ "class-profile" ],
    profiling: [ "https://mff-uk.github.io/specifications/dcat-dap#Frequency" ],
    usageNote: {},
    usageNoteFromProfiled: "https://mff-uk.github.io/specifications/dcat-dap#Frequency",
    externalDocumentationUrl: "https://semiceu.github.io/DCAT-AP/releases/3.0.1/#Frequency",
    name: {},
    nameFromProfiled: "https://mff-uk.github.io/specifications/dcat-dap#Frequency",
    nameProperty: "http://www.w3.org/2004/02/skos/core#prefLabel",
    description: {
      en: "A rate at which something recurs, e.g. the publication of a Dataset.",
    },
    descriptionFromProfiled: null,
    descriptionProperty: null,
    order: null,
    controlledVocabularies: [],
  }, {
    iri: "https://mff-uk.github.io/specifications/dcat-ap#Frequency",
    tags: [ "https://w3id.org/dsv/class-role#supportive" ],
    id: "https://mff-uk.github.io/specifications/dcat-ap#Frequency",
    type: [ "class-profile" ],
    profiling: [ "https://mff-uk.github.io/specifications/dcat-dap#Frequency" ],
    usageNote: {},
    usageNoteFromProfiled: "https://mff-uk.github.io/specifications/dcat-dap#Frequency",
    externalDocumentationUrl: "https://semiceu.github.io/DCAT-AP/releases/3.0.1/#Frequency",
    name: {},
    nameFromProfiled: "https://mff-uk.github.io/specifications/dcat-dap#Frequency",
    nameProperty: "http://www.w3.org/2004/02/skos/core#prefLabel",
    description: {
      en: "A rate at which something recurs, e.g. the publication of a Dataset.",
    },
    descriptionFromProfiled: null,
    descriptionProperty: null,
  }
]
Unable to merge entities with colliding id https://mff-uk.github.io/specifications/dcat-ap#ConceptScheme because they are of unsupported types. Falling back to the first one. [
  {
    iri: "https://mff-uk.github.io/specifications/dcat-ap#ConceptScheme",
    tags: [ "https://w3id.org/dsv/class-role#supportive" ],
    id: "https://mff-uk.github.io/specifications/dcat-ap#ConceptScheme",
    type: [ "class-profile" ],
    profiling: [ "http://www.w3.org/2004/02/skos/core#ConceptScheme" ],
    usageNote: {
      en: "In DCAT-AP, a Concept Scheme is used to denote a codelist. In section 10. Controlled Vocabularies the expectations are elaborated in more detail.",
    },
    usageNoteFromProfiled: null,
    externalDocumentationUrl: "https://semiceu.github.io/DCAT-AP/releases/3.0.1/#ConceptScheme",
    name: {},
    nameFromProfiled: "http://www.w3.org/2004/02/skos/core#ConceptScheme",
    nameProperty: "http://www.w3.org/2004/02/skos/core#prefLabel",
    description: {
      en: "An aggregation of one or more SKOS concepts.",
    },
    descriptionFromProfiled: null,
    descriptionProperty: null,
    order: null,
    controlledVocabularies: [],
  }, {
    iri: "https://mff-uk.github.io/specifications/dcat-ap#ConceptScheme",
    tags: [ "https://w3id.org/dsv/class-role#supportive" ],
    id: "https://mff-uk.github.io/specifications/dcat-ap#ConceptScheme",
    type: [ "class-profile" ],
    profiling: [ "http://www.w3.org/2004/02/skos/core#ConceptScheme" ],
    usageNote: {
      en: "In DCAT-AP, a Concept Scheme is used to denote a codelist. In section 10. Controlled Vocabularies the expectations are elaborated in more detail.",
    },
    usageNoteFromProfiled: null,
    externalDocumentationUrl: "https://semiceu.github.io/DCAT-AP/releases/3.0.1/#ConceptScheme",
    name: {},
    nameFromProfiled: "http://www.w3.org/2004/02/skos/core#ConceptScheme",
    nameProperty: "http://www.w3.org/2004/02/skos/core#prefLabel",
    description: {
      en: "An aggregation of one or more SKOS concepts.",
    },
    descriptionFromProfiled: null,
    descriptionProperty: null,
  }
]
Unable to merge entities with colliding id https://mff-uk.github.io/specifications/dcat-ap#ChecksumAlgorithm because they are of unsupported types. Falling back to the first one. [
  {
    iri: "https://mff-uk.github.io/specifications/dcat-ap#ChecksumAlgorithm",
    tags: [ "https://w3id.org/dsv/class-role#supportive" ],
    id: "https://mff-uk.github.io/specifications/dcat-ap#ChecksumAlgorithm",
    type: [ "class-profile" ],
    profiling: [ "https://mff-uk.github.io/specifications/dcat-dap#ChecksumAlgorithm" ],
    usageNote: {},
    usageNoteFromProfiled: "https://mff-uk.github.io/specifications/dcat-dap#ChecksumAlgorithm",
    externalDocumentationUrl: "https://semiceu.github.io/DCAT-AP/releases/3.0.1/#ChecksumAlgorithm",
    name: {},
    nameFromProfiled: "https://mff-uk.github.io/specifications/dcat-dap#ChecksumAlgorithm",
    nameProperty: "http://www.w3.org/2004/02/skos/core#prefLabel",
    description: {},
    descriptionFromProfiled: "https://mff-uk.github.io/specifications/dcat-dap#ChecksumAlgorithm",
    descriptionProperty: "http://www.w3.org/2004/02/skos/core#definition",
    order: null,
    controlledVocabularies: [],
  }, {
    iri: "https://mff-uk.github.io/specifications/dcat-ap#ChecksumAlgorithm",
    tags: [ "https://w3id.org/dsv/class-role#supportive" ],
    id: "https://mff-uk.github.io/specifications/dcat-ap#ChecksumAlgorithm",
    type: [ "class-profile" ],
    profiling: [ "https://mff-uk.github.io/specifications/dcat-dap#ChecksumAlgorithm" ],
    usageNote: {},
    usageNoteFromProfiled: "https://mff-uk.github.io/specifications/dcat-dap#ChecksumAlgorithm",
    externalDocumentationUrl: "https://semiceu.github.io/DCAT-AP/releases/3.0.1/#ChecksumAlgorithm",
    name: {},
    nameFromProfiled: "https://mff-uk.github.io/specifications/dcat-dap#ChecksumAlgorithm",
    nameProperty: "http://www.w3.org/2004/02/skos/core#prefLabel",
    description: {},
    descriptionFromProfiled: "https://mff-uk.github.io/specifications/dcat-dap#ChecksumAlgorithm",
    descriptionProperty: "http://www.w3.org/2004/02/skos/core#definition",
  }
]
Unable to merge entities with colliding id https://mff-uk.github.io/specifications/dcat-ap#Attribution because they are of unsupported types. Falling back to the first one. [
  {
    iri: "https://mff-uk.github.io/specifications/dcat-ap#Attribution",
    tags: [ "https://w3id.org/dsv/class-role#supportive" ],
    id: "https://mff-uk.github.io/specifications/dcat-ap#Attribution",
    type: [ "class-profile" ],
    profiling: [ "https://mff-uk.github.io/specifications/dcat-dap#Attribution" ],
    usageNote: {},
    usageNoteFromProfiled: "https://mff-uk.github.io/specifications/dcat-dap#Attribution",
    externalDocumentationUrl: "https://semiceu.github.io/DCAT-AP/releases/3.0.1/#Attribution",
    name: {},
    nameFromProfiled: "https://mff-uk.github.io/specifications/dcat-dap#Attribution",
    nameProperty: "http://www.w3.org/2004/02/skos/core#prefLabel",
    description: {
      en: "Attribution is the ascribing of an entity to an agent.",
    },
    descriptionFromProfiled: null,
    descriptionProperty: null,
    order: null,
    controlledVocabularies: [],
  }, {
    iri: "https://mff-uk.github.io/specifications/dcat-ap#Attribution",
    tags: [ "https://w3id.org/dsv/class-role#supportive" ],
    id: "https://mff-uk.github.io/specifications/dcat-ap#Attribution",
    type: [ "class-profile" ],
    profiling: [ "https://mff-uk.github.io/specifications/dcat-dap#Attribution" ],
    usageNote: {},
    usageNoteFromProfiled: "https://mff-uk.github.io/specifications/dcat-dap#Attribution",
    externalDocumentationUrl: "https://semiceu.github.io/DCAT-AP/releases/3.0.1/#Attribution",
    name: {},
    nameFromProfiled: "https://mff-uk.github.io/specifications/dcat-dap#Attribution",
    nameProperty: "http://www.w3.org/2004/02/skos/core#prefLabel",
    description: {
      en: "Attribution is the ascribing of an entity to an agent.",
    },
    descriptionFromProfiled: null,
    descriptionProperty: null,
  }
]
Unable to merge entities with colliding id https://mff-uk.github.io/specifications/dcat-ap#Activity because they are of unsupported types. Falling back to the first one. [
  {
    iri: "https://mff-uk.github.io/specifications/dcat-ap#Activity",
    tags: [ "https://w3id.org/dsv/class-role#supportive" ],
    id: "https://mff-uk.github.io/specifications/dcat-ap#Activity",
    type: [ "class-profile" ],
    profiling: [ "http://www.w3.org/ns/prov#Activity" ],
    usageNote: {},
    usageNoteFromProfiled: null,
    externalDocumentationUrl: "https://semiceu.github.io/DCAT-AP/releases/3.0.1/#Activity",
    name: {},
    nameFromProfiled: "http://www.w3.org/ns/prov#Activity",
    nameProperty: "http://www.w3.org/2004/02/skos/core#prefLabel",
    description: {
      en: "An activity is something that occurs over a period of time and acts upon or with entities; it may include consuming, processing, transforming, modifying, relocating, using, or generating entities.",
    },
    descriptionFromProfiled: null,
    descriptionProperty: null,
    order: null,
    controlledVocabularies: [],
  }, {
    iri: "https://mff-uk.github.io/specifications/dcat-ap#Activity",
    tags: [ "https://w3id.org/dsv/class-role#supportive" ],
    id: "https://mff-uk.github.io/specifications/dcat-ap#Activity",
    type: [ "class-profile" ],
    profiling: [ "http://www.w3.org/ns/prov#Activity" ],
    usageNote: {},
    usageNoteFromProfiled: null,
    externalDocumentationUrl: "https://semiceu.github.io/DCAT-AP/releases/3.0.1/#Activity",
    name: {},
    nameFromProfiled: "http://www.w3.org/ns/prov#Activity",
    nameProperty: "http://www.w3.org/2004/02/skos/core#prefLabel",
    description: {
      en: "An activity is something that occurs over a period of time and acts upon or with entities; it may include consuming, processing, transforming, modifying, relocating, using, or generating entities.",
    },
    descriptionFromProfiled: null,
    descriptionProperty: null,
  }
]
Unable to merge entities with colliding id https://mff-uk.github.io/specifications/dcat-ap#Kind because they are of unsupported types. Falling back to the first one. [
  {
    iri: "https://mff-uk.github.io/specifications/dcat-ap#Kind",
    tags: [ "https://w3id.org/dsv/class-role#main" ],
    id: "https://mff-uk.github.io/specifications/dcat-ap#Kind",
    type: [ "class-profile" ],
    profiling: [ "https://mff-uk.github.io/specifications/dcat-dap#Kind" ],
    usageNote: {
      en: "Note that the class Kind is the parent class for the four explicit types of vCard (Individual, Organization, Location, Group).",
    },
    usageNoteFromProfiled: null,
    externalDocumentationUrl: "https://semiceu.github.io/DCAT-AP/releases/3.0.1/#Kind",
    name: {},
    nameFromProfiled: "https://mff-uk.github.io/specifications/dcat-dap#Kind",
    nameProperty: "http://www.w3.org/2004/02/skos/core#prefLabel",
    description: {
      en: "A description following the vCard specification, e.g. to provide telephone number and e-mail address for a contact point.",
    },
    descriptionFromProfiled: null,
    descriptionProperty: null,
    order: null,
    controlledVocabularies: [],
  }, {
    iri: "https://mff-uk.github.io/specifications/dcat-ap#Kind",
    tags: [ "https://w3id.org/dsv/class-role#main" ],
    id: "https://mff-uk.github.io/specifications/dcat-ap#Kind",
    type: [ "class-profile" ],
    profiling: [ "https://mff-uk.github.io/specifications/dcat-dap#Kind" ],
    usageNote: {
      en: "Note that the class Kind is the parent class for the four explicit types of vCard (Individual, Organization, Location, Group).",
    },
    usageNoteFromProfiled: null,
    externalDocumentationUrl: "https://semiceu.github.io/DCAT-AP/releases/3.0.1/#Kind",
    name: {},
    nameFromProfiled: "https://mff-uk.github.io/specifications/dcat-dap#Kind",
    nameProperty: "http://www.w3.org/2004/02/skos/core#prefLabel",
    description: {
      en: "A description following the vCard specification, e.g. to provide telephone number and e-mail address for a contact point.",
    },
    descriptionFromProfiled: null,
    descriptionProperty: null,
  }
]
Unable to merge entities with colliding id https://mff-uk.github.io/specifications/dcat-ap#Checksum because they are of unsupported types. Falling back to the first one. [
  {
    iri: "https://mff-uk.github.io/specifications/dcat-ap#Checksum",
    tags: [ "https://w3id.org/dsv/class-role#main" ],
    id: "https://mff-uk.github.io/specifications/dcat-ap#Checksum",
    type: [ "class-profile" ],
    profiling: [ "https://mff-uk.github.io/specifications/dcat-dap#Checksum" ],
    usageNote: {
      en: "This class allows the results of a variety of checksum and cryptographic message digest algorithms to be represented.",
    },
    usageNoteFromProfiled: null,
    externalDocumentationUrl: "https://semiceu.github.io/DCAT-AP/releases/3.0.1/#Checksum",
    name: {},
    nameFromProfiled: "https://mff-uk.github.io/specifications/dcat-dap#Checksum",
    nameProperty: "http://www.w3.org/2004/02/skos/core#prefLabel",
    description: {
      en: "A value that allows the contents of a file to be authenticated.",
    },
    descriptionFromProfiled: null,
    descriptionProperty: null,
    order: null,
    controlledVocabularies: [],
  }, {
    iri: "https://mff-uk.github.io/specifications/dcat-ap#Checksum",
    tags: [ "https://w3id.org/dsv/class-role#main" ],
    id: "https://mff-uk.github.io/specifications/dcat-ap#Checksum",
    type: [ "class-profile" ],
    profiling: [ "https://mff-uk.github.io/specifications/dcat-dap#Checksum" ],
    usageNote: {
      en: "This class allows the results of a variety of checksum and cryptographic message digest algorithms to be represented.",
    },
    usageNoteFromProfiled: null,
    externalDocumentationUrl: "https://semiceu.github.io/DCAT-AP/releases/3.0.1/#Checksum",
    name: {},
    nameFromProfiled: "https://mff-uk.github.io/specifications/dcat-dap#Checksum",
    nameProperty: "http://www.w3.org/2004/02/skos/core#prefLabel",
    description: {
      en: "A value that allows the contents of a file to be authenticated.",
    },
    descriptionFromProfiled: null,
    descriptionProperty: null,
  }
]
Unable to merge entities with colliding id https://mff-uk.github.io/specifications/dcat-ap#Instant because they are of unsupported types. Falling back to the first one. [
  {
    iri: "https://mff-uk.github.io/specifications/dcat-ap#Instant",
    tags: [ "https://w3id.org/dsv/class-role#supportive" ],
    id: "https://mff-uk.github.io/specifications/dcat-ap#Instant",
    type: [ "class-profile" ],
    profiling: [ "https://mff-uk.github.io/specifications/dcat-dap#Instant" ],
    usageNote: {},
    usageNoteFromProfiled: "https://mff-uk.github.io/specifications/dcat-dap#Instant",
    externalDocumentationUrl: "https://semiceu.github.io/DCAT-AP/releases/3.0.1/#Timeinstant",
    name: {},
    nameFromProfiled: "https://mff-uk.github.io/specifications/dcat-dap#Instant",
    nameProperty: "http://www.w3.org/2004/02/skos/core#prefLabel",
    description: {},
    descriptionFromProfiled: "https://mff-uk.github.io/specifications/dcat-dap#Instant",
    descriptionProperty: "http://www.w3.org/2004/02/skos/core#definition",
    order: null,
    controlledVocabularies: [],
  }, {
    iri: "https://mff-uk.github.io/specifications/dcat-ap#Instant",
    tags: [ "https://w3id.org/dsv/class-role#supportive" ],
    id: "https://mff-uk.github.io/specifications/dcat-ap#Instant",
    type: [ "class-profile" ],
    profiling: [ "https://mff-uk.github.io/specifications/dcat-dap#Instant" ],
    usageNote: {},
    usageNoteFromProfiled: "https://mff-uk.github.io/specifications/dcat-dap#Instant",
    externalDocumentationUrl: "https://semiceu.github.io/DCAT-AP/releases/3.0.1/#Timeinstant",
    name: {},
    nameFromProfiled: "https://mff-uk.github.io/specifications/dcat-dap#Instant",
    nameProperty: "http://www.w3.org/2004/02/skos/core#prefLabel",
    description: {},
    descriptionFromProfiled: "https://mff-uk.github.io/specifications/dcat-dap#Instant",
    descriptionProperty: "http://www.w3.org/2004/02/skos/core#definition",
  }
]
Unable to merge entities with colliding id https://mff-uk.github.io/specifications/dcat-dap#Catalog because they are of unsupported types. Falling back to the first one. [
  {
    iri: "https://mff-uk.github.io/specifications/dcat-dap#Catalog",
    tags: [ "https://w3id.org/dsv/class-role#main" ],
    id: "https://mff-uk.github.io/specifications/dcat-dap#Catalog",
    type: [ "class-profile" ],
    profiling: [ "http://www.w3.org/ns/dcat#Catalog" ],
    usageNote: {
      en: "A Web-based data catalog is typically represented as a single instance of this class.\nDatasets and data services are examples of resources in the context of a data catalog.",
    },
    usageNoteFromProfiled: null,
    externalDocumentationUrl: "https://www.w3.org/TR/vocab-dcat-3/#Class:Catalog",
    name: {},
    nameFromProfiled: "http://www.w3.org/ns/dcat#Catalog",
    nameProperty: "http://www.w3.org/2004/02/skos/core#prefLabel",
    description: {
      en: "A curated collection of metadata about resources.",
      es: "Una colección curada de metadatos sobre recursos (por ejemplo, conjuntos de datos y servicios de datos en el contexto de un catálogo de datos).",
      it: "Una raccolta curata di metadati sulle risorse (ad es. sui dataset e relativi servizi nel contesto di cataloghi di dati).",
      fr: "Une collection élaborée de métadonnées sur les jeux de données",
      cs: "Řízená kolekce metadat o datových sadách a datových službách",
      el: "Μια επιμελημένη συλλογή μεταδεδομένων περί συνόλων δεδομένων",
      ar: "مجموعة من توصيفات قوائم البيانات",
      ja: "データ・カタログは、データセットに関するキュレートされたメタデータの集合です。",
      da: "En udvalgt og arrangeret samling af metadata om ressourcer (fx datasæt og datatjenester i kontekst af et datakatalog). ",
    },
    descriptionFromProfiled: null,
    descriptionProperty: null,
    order: null,
    controlledVocabularies: [],
  }, {
    iri: "https://mff-uk.github.io/specifications/dcat-dap#Catalog",
    tags: [ "https://w3id.org/dsv/class-role#main" ],
    id: "https://mff-uk.github.io/specifications/dcat-dap#Catalog",
    type: [ "class-profile" ],
    profiling: [ "http://www.w3.org/ns/dcat#Catalog" ],
    usageNote: {
      en: "A Web-based data catalog is typically represented as a single instance of this class.\nDatasets and data services are examples of resources in the context of a data catalog.",
    },
    usageNoteFromProfiled: null,
    externalDocumentationUrl: "https://www.w3.org/TR/vocab-dcat-3/#Class:Catalog",
    name: {},
    nameFromProfiled: "http://www.w3.org/ns/dcat#Catalog",
    nameProperty: "http://www.w3.org/2004/02/skos/core#prefLabel",
    description: {
      en: "A curated collection of metadata about resources.",
      es: "Una colección curada de metadatos sobre recursos (por ejemplo, conjuntos de datos y servicios de datos en el contexto de un catálogo de datos).",
      it: "Una raccolta curata di metadati sulle risorse (ad es. sui dataset e relativi servizi nel contesto di cataloghi di dati).",
      fr: "Une collection élaborée de métadonnées sur les jeux de données",
      cs: "Řízená kolekce metadat o datových sadách a datových službách",
      el: "Μια επιμελημένη συλλογή μεταδεδομένων περί συνόλων δεδομένων",
      ar: "مجموعة من توصيفات قوائم البيانات",
      ja: "データ・カタログは、データセットに関するキュレートされたメタデータの集合です。",
      da: "En udvalgt og arrangeret samling af metadata om ressourcer (fx datasæt og datatjenester i kontekst af et datakatalog). ",
    },
    descriptionFromProfiled: null,
    descriptionProperty: null,
  }
]
Unable to merge entities with colliding id https://mff-uk.github.io/specifications/dcat-dap#CatalogRecord because they are of unsupported types. Falling back to the first one. [
  {
    iri: "https://mff-uk.github.io/specifications/dcat-dap#CatalogRecord",
    tags: [ "https://w3id.org/dsv/class-role#main" ],
    id: "https://mff-uk.github.io/specifications/dcat-dap#CatalogRecord",
    type: [ "class-profile" ],
    profiling: [ "http://www.w3.org/ns/dcat#CatalogRecord" ],
    usageNote: {
      en: "This class is optional and not all catalogs will use it. It exists for catalogs where a distinction is made between metadata about a dataset or service and metadata about the entry in the catalog about the dataset or service. For example, the publication date property of the dataset reflects the date when the information was originally made available by the publishing agency, while the publication date of the catalog record is the date when the dataset was added to the catalog. In cases where both dates differ, or where only the latter is known, the publication date SHOULD only be specified for the catalog record. Notice that the W3C PROV Ontology [[PROV-O]] allows describing further provenance information such as the details of the process and the agent involved in a particular change to a dataset or its registration.",
    },
    usageNoteFromProfiled: null,
    externalDocumentationUrl: "https://www.w3.org/TR/vocab-dcat-3/#Class:Catalog_Record",
    name: {},
    nameFromProfiled: "http://www.w3.org/ns/dcat#CatalogRecord",
    nameProperty: "http://www.w3.org/2004/02/skos/core#prefLabel",
    description: {
      ja: "1つのデータセットを記述したデータ・カタログ内のレコード。",
      en: "A record in a catalog, describing the registration of a single dcat:Resource.",
      it: "Un record in un catalogo di dati che descrive un singolo dataset o servizio di dati.",
      fr: "Un registre du catalogue ou une entrée du catalogue, décrivant un seul jeu de données.",
      es: "Un registro en un catálogo de datos que describe un solo conjunto de datos o un servicio de datos.",
      cs: "Záznam v datovém katalogu popisující jednu datovou sadu či datovou službu.",
      el: "Μία καταγραφή ενός καταλόγου, η οποία περιγράφει ένα συγκεκριμένο σύνολο δεδομένων.",
      da: "En post i et datakatalog der beskriver registreringen af et enkelt datasæt eller en datatjeneste.",
    },
    descriptionFromProfiled: null,
    descriptionProperty: null,
    order: null,
    controlledVocabularies: [],
  }, {
    iri: "https://mff-uk.github.io/specifications/dcat-dap#CatalogRecord",
    tags: [ "https://w3id.org/dsv/class-role#main" ],
    id: "https://mff-uk.github.io/specifications/dcat-dap#CatalogRecord",
    type: [ "class-profile" ],
    profiling: [ "http://www.w3.org/ns/dcat#CatalogRecord" ],
    usageNote: {
      en: "This class is optional and not all catalogs will use it. It exists for catalogs where a distinction is made between metadata about a dataset or service and metadata about the entry in the catalog about the dataset or service. For example, the publication date property of the dataset reflects the date when the information was originally made available by the publishing agency, while the publication date of the catalog record is the date when the dataset was added to the catalog. In cases where both dates differ, or where only the latter is known, the publication date SHOULD only be specified for the catalog record. Notice that the W3C PROV Ontology [[PROV-O]] allows describing further provenance information such as the details of the process and the agent involved in a particular change to a dataset or its registration.",
    },
    usageNoteFromProfiled: null,
    externalDocumentationUrl: "https://www.w3.org/TR/vocab-dcat-3/#Class:Catalog_Record",
    name: {},
    nameFromProfiled: "http://www.w3.org/ns/dcat#CatalogRecord",
    nameProperty: "http://www.w3.org/2004/02/skos/core#prefLabel",
    description: {
      ja: "1つのデータセットを記述したデータ・カタログ内のレコード。",
      en: "A record in a catalog, describing the registration of a single dcat:Resource.",
      it: "Un record in un catalogo di dati che descrive un singolo dataset o servizio di dati.",
      fr: "Un registre du catalogue ou une entrée du catalogue, décrivant un seul jeu de données.",
      es: "Un registro en un catálogo de datos que describe un solo conjunto de datos o un servicio de datos.",
      cs: "Záznam v datovém katalogu popisující jednu datovou sadu či datovou službu.",
      el: "Μία καταγραφή ενός καταλόγου, η οποία περιγράφει ένα συγκεκριμένο σύνολο δεδομένων.",
      da: "En post i et datakatalog der beskriver registreringen af et enkelt datasæt eller en datatjeneste.",
    },
    descriptionFromProfiled: null,
    descriptionProperty: null,
  }
]
Unable to merge entities with colliding id https://mff-uk.github.io/specifications/dcat-dap#Dataset because they are of unsupported types. Falling back to the first one. [
  {
    iri: "https://mff-uk.github.io/specifications/dcat-dap#Dataset",
    tags: [ "https://w3id.org/dsv/class-role#main" ],
    id: "https://mff-uk.github.io/specifications/dcat-dap#Dataset",
    type: [ "class-profile" ],
    profiling: [ "http://www.w3.org/ns/dcat#Dataset" ],
    usageNote: {},
    usageNoteFromProfiled: null,
    externalDocumentationUrl: "https://www.w3.org/TR/vocab-dcat-3/#Class:Dataset",
    name: {},
    nameFromProfiled: "http://www.w3.org/ns/dcat#Dataset",
    nameProperty: "http://www.w3.org/2004/02/skos/core#prefLabel",
    description: {},
    descriptionFromProfiled: "http://www.w3.org/ns/dcat#Dataset",
    descriptionProperty: "http://www.w3.org/2004/02/skos/core#definition",
    order: null,
    controlledVocabularies: [],
  }, {
    iri: "https://mff-uk.github.io/specifications/dcat-dap#Dataset",
    tags: [ "https://w3id.org/dsv/class-role#main" ],
    id: "https://mff-uk.github.io/specifications/dcat-dap#Dataset",
    type: [ "class-profile" ],
    profiling: [ "http://www.w3.org/ns/dcat#Dataset" ],
    usageNote: {},
    usageNoteFromProfiled: null,
    externalDocumentationUrl: "https://www.w3.org/TR/vocab-dcat-3/#Class:Dataset",
    name: {},
    nameFromProfiled: "http://www.w3.org/ns/dcat#Dataset",
    nameProperty: "http://www.w3.org/2004/02/skos/core#prefLabel",
    description: {},
    descriptionFromProfiled: "http://www.w3.org/ns/dcat#Dataset",
    descriptionProperty: "http://www.w3.org/2004/02/skos/core#definition",
  }
]
Unable to merge entities with colliding id https://mff-uk.github.io/specifications/dcat-dap#CatalogedResource because they are of unsupported types. Falling back to the first one. [
  {
    iri: "https://mff-uk.github.io/specifications/dcat-dap#CatalogedResource",
    tags: [ "https://w3id.org/dsv/class-role#main" ],
    id: "https://mff-uk.github.io/specifications/dcat-dap#CatalogedResource",
    type: [ "class-profile" ],
    profiling: [ "http://www.w3.org/ns/dcat#Resource" ],
    usageNote: {
      en: "The class of all cataloged resources, the super-class of dcat:Dataset, dcat:DataService, dcat:Catalog and any other member of a dcat:Catalog.\n\nThis class carries properties common to all cataloged resources, including datasets and data services.\n\nThe instances of this class SHOULD be included in a catalog.\n\nWhen describing a resource which is not a dcat:Dataset or dcat:DataService, it is recommended to create a suitable sub-class of dcat:Resource, or use dcat:Resource with the dcterms:type property to indicate the specific type.\n\ndcat:Resource is an extension point that enables the definition of any kind of catalog. Additional sub-classes may be defined in a DCAT profile or other DCAT application for catalogs of other kinds of resources.",
    },
    usageNoteFromProfiled: null,
    externalDocumentationUrl: "https://www.w3.org/TR/vocab-dcat-3/#Class:Resource",
    name: {
      en: "Cataloged Resource",
      cs: "Katalogizovaný zdroj",
      es: "Recurso catalogado",
      it: "Risorsa catalogata",
      da: "Katalogiseret ressource",
    },
    nameFromProfiled: null,
    nameProperty: null,
    description: {},
    descriptionFromProfiled: "http://www.w3.org/ns/dcat#Resource",
    descriptionProperty: "http://www.w3.org/2004/02/skos/core#definition",
    order: null,
    controlledVocabularies: [],
  }, {
    iri: "https://mff-uk.github.io/specifications/dcat-dap#CatalogedResource",
    tags: [ "https://w3id.org/dsv/class-role#main" ],
    id: "https://mff-uk.github.io/specifications/dcat-dap#CatalogedResource",
    type: [ "class-profile" ],
    profiling: [ "http://www.w3.org/ns/dcat#Resource" ],
    usageNote: {
      en: "The class of all cataloged resources, the super-class of dcat:Dataset, dcat:DataService, dcat:Catalog and any other member of a dcat:Catalog.\n\nThis class carries properties common to all cataloged resources, including datasets and data services.\n\nThe instances of this class SHOULD be included in a catalog.\n\nWhen describing a resource which is not a dcat:Dataset or dcat:DataService, it is recommended to create a suitable sub-class of dcat:Resource, or use dcat:Resource with the dcterms:type property to indicate the specific type.\n\ndcat:Resource is an extension point that enables the definition of any kind of catalog. Additional sub-classes may be defined in a DCAT profile or other DCAT application for catalogs of other kinds of resources.",
    },
    usageNoteFromProfiled: null,
    externalDocumentationUrl: "https://www.w3.org/TR/vocab-dcat-3/#Class:Resource",
    name: {
      en: "Cataloged Resource",
      cs: "Katalogizovaný zdroj",
      es: "Recurso catalogado",
      it: "Risorsa catalogata",
      da: "Katalogiseret ressource",
    },
    nameFromProfiled: null,
    nameProperty: null,
    description: {},
    descriptionFromProfiled: "http://www.w3.org/ns/dcat#Resource",
    descriptionProperty: "http://www.w3.org/2004/02/skos/core#definition",
  }
]
Unable to merge entities with colliding id https://mff-uk.github.io/specifications/dcat-dap#Document because they are of unsupported types. Falling back to the first one. [
  {
    iri: "https://mff-uk.github.io/specifications/dcat-dap#Document",
    tags: [ "https://w3id.org/dsv/class-role#supportive" ],
    id: "https://mff-uk.github.io/specifications/dcat-dap#Document",
    type: [ "class-profile" ],
    profiling: [ "http://xmlns.com/foaf/0.1/Document" ],
    usageNote: {},
    usageNoteFromProfiled: null,
    externalDocumentationUrl: null,
    name: {},
    nameFromProfiled: "http://xmlns.com/foaf/0.1/Document",
    nameProperty: "http://www.w3.org/2004/02/skos/core#prefLabel",
    description: {},
    descriptionFromProfiled: "http://xmlns.com/foaf/0.1/Document",
    descriptionProperty: "http://www.w3.org/2004/02/skos/core#definition",
    order: null,
    controlledVocabularies: [],
  }, {
    iri: "https://mff-uk.github.io/specifications/dcat-dap#Document",
    tags: [ "https://w3id.org/dsv/class-role#supportive" ],
    id: "https://mff-uk.github.io/specifications/dcat-dap#Document",
    type: [ "class-profile" ],
    profiling: [ "http://xmlns.com/foaf/0.1/Document" ],
    usageNote: {},
    usageNoteFromProfiled: null,
    externalDocumentationUrl: null,
    name: {},
    nameFromProfiled: "http://xmlns.com/foaf/0.1/Document",
    nameProperty: "http://www.w3.org/2004/02/skos/core#prefLabel",
    description: {},
    descriptionFromProfiled: "http://xmlns.com/foaf/0.1/Document",
    descriptionProperty: "http://www.w3.org/2004/02/skos/core#definition",
  }
]
Unable to merge entities with colliding id https://mff-uk.github.io/specifications/dcat-dap#rdfs-Resource because they are of unsupported types. Falling back to the first one. [
  {
    iri: "https://mff-uk.github.io/specifications/dcat-dap#rdfs-Resource",
    tags: [ "https://w3id.org/dsv/class-role#supportive" ],
    id: "https://mff-uk.github.io/specifications/dcat-dap#rdfs-Resource",
    type: [ "class-profile" ],
    profiling: [ "http://www.w3.org/2000/01/rdf-schema#Resource" ],
    usageNote: {},
    usageNoteFromProfiled: null,
    externalDocumentationUrl: null,
    name: {},
    nameFromProfiled: "http://www.w3.org/2000/01/rdf-schema#Resource",
    nameProperty: "http://www.w3.org/2004/02/skos/core#prefLabel",
    description: {},
    descriptionFromProfiled: "http://www.w3.org/2000/01/rdf-schema#Resource",
    descriptionProperty: "http://www.w3.org/2004/02/skos/core#definition",
    order: null,
    controlledVocabularies: [],
  }, {
    iri: "https://mff-uk.github.io/specifications/dcat-dap#rdfs-Resource",
    tags: [ "https://w3id.org/dsv/class-role#supportive" ],
    id: "https://mff-uk.github.io/specifications/dcat-dap#rdfs-Resource",
    type: [ "class-profile" ],
    profiling: [ "http://www.w3.org/2000/01/rdf-schema#Resource" ],
    usageNote: {},
    usageNoteFromProfiled: null,
    externalDocumentationUrl: null,
    name: {},
    nameFromProfiled: "http://www.w3.org/2000/01/rdf-schema#Resource",
    nameProperty: "http://www.w3.org/2004/02/skos/core#prefLabel",
    description: {},
    descriptionFromProfiled: "http://www.w3.org/2000/01/rdf-schema#Resource",
    descriptionProperty: "http://www.w3.org/2004/02/skos/core#definition",
  }
]
Unable to merge entities with colliding id https://mff-uk.github.io/specifications/dcat-dap#DataService because they are of unsupported types. Falling back to the first one. [
  {
    iri: "https://mff-uk.github.io/specifications/dcat-dap#DataService",
    tags: [ "https://w3id.org/dsv/class-role#main" ],
    id: "https://mff-uk.github.io/specifications/dcat-dap#DataService",
    type: [ "class-profile" ],
    profiling: [ "http://www.w3.org/ns/dcat#DataService" ],
    usageNote: {
      en: "If a dcat:DataService is bound to one or more specified Datasets, they are indicated by the dcat:servesDataset property.\nThe kind of service can be indicated using the dcterms:type property. Its value may be taken from a controlled vocabulary such as the INSPIRE spatial data service type code list [INSPIRE-SDST].",
    },
    usageNoteFromProfiled: null,
    externalDocumentationUrl: "https://www.w3.org/TR/vocab-dcat-3/#Class:Data_Service",
    name: {
      en: "Data Service",
      it: "Servizio di dati",
      es: "Servicio de datos",
      da: "Datatjeneste",
    },
    nameFromProfiled: null,
    nameProperty: null,
    description: {
      en: "A collection of operations that provides access to one or more datasets or data processing functions.",
      cs: "Umístění či přístupový bod poskytující operace související s hledáním, přistupem k, či výkonem funkcí na datech či souvisejících zdrojích.",
      es: "Un sitio o end-point que provee operaciones relacionadas a funciones de descubrimiento, acceso, o procesamiento de datos o recursos relacionados.",
      it: "Un sito o end-point che fornisce operazioni relative alla scoperta, all'accesso o all'elaborazione di funzioni su dati o risorse correlate.",
      da: "Et websted eller endpoint der udstiller operationer relateret til opdagelse af, adgang til eller behandlende funktioner på data eller relaterede ressourcer.",
    },
    descriptionFromProfiled: null,
    descriptionProperty: null,
    order: null,
    controlledVocabularies: [],
  }, {
    iri: "https://mff-uk.github.io/specifications/dcat-dap#DataService",
    tags: [ "https://w3id.org/dsv/class-role#main" ],
    id: "https://mff-uk.github.io/specifications/dcat-dap#DataService",
    type: [ "class-profile" ],
    profiling: [ "http://www.w3.org/ns/dcat#DataService" ],
    usageNote: {
      en: "If a dcat:DataService is bound to one or more specified Datasets, they are indicated by the dcat:servesDataset property.\nThe kind of service can be indicated using the dcterms:type property. Its value may be taken from a controlled vocabulary such as the INSPIRE spatial data service type code list [INSPIRE-SDST].",
    },
    usageNoteFromProfiled: null,
    externalDocumentationUrl: "https://www.w3.org/TR/vocab-dcat-3/#Class:Data_Service",
    name: {
      en: "Data Service",
      it: "Servizio di dati",
      es: "Servicio de datos",
      da: "Datatjeneste",
    },
    nameFromProfiled: null,
    nameProperty: null,
    description: {
      en: "A collection of operations that provides access to one or more datasets or data processing functions.",
      cs: "Umístění či přístupový bod poskytující operace související s hledáním, přistupem k, či výkonem funkcí na datech či souvisejících zdrojích.",
      es: "Un sitio o end-point que provee operaciones relacionadas a funciones de descubrimiento, acceso, o procesamiento de datos o recursos relacionados.",
      it: "Un sito o end-point che fornisce operazioni relative alla scoperta, all'accesso o all'elaborazione di funzioni su dati o risorse correlate.",
      da: "Et websted eller endpoint der udstiller operationer relateret til opdagelse af, adgang til eller behandlende funktioner på data eller relaterede ressourcer.",
    },
    descriptionFromProfiled: null,
    descriptionProperty: null,
  }
]
Unable to merge entities with colliding id https://mff-uk.github.io/specifications/dcat-dap#RightsStatement because they are of unsupported types. Falling back to the first one. [
  {
    iri: "https://mff-uk.github.io/specifications/dcat-dap#RightsStatement",
    tags: [ "https://w3id.org/dsv/class-role#supportive" ],
    id: "https://mff-uk.github.io/specifications/dcat-dap#RightsStatement",
    type: [ "class-profile" ],
    profiling: [ "http://purl.org/dc/terms/RightsStatement" ],
    usageNote: {},
    usageNoteFromProfiled: null,
    externalDocumentationUrl: null,
    name: {},
    nameFromProfiled: "http://purl.org/dc/terms/RightsStatement",
    nameProperty: "http://www.w3.org/2004/02/skos/core#prefLabel",
    description: {},
    descriptionFromProfiled: "http://purl.org/dc/terms/RightsStatement",
    descriptionProperty: "http://www.w3.org/2004/02/skos/core#definition",
    order: null,
    controlledVocabularies: [],
  }, {
    iri: "https://mff-uk.github.io/specifications/dcat-dap#RightsStatement",
    tags: [ "https://w3id.org/dsv/class-role#supportive" ],
    id: "https://mff-uk.github.io/specifications/dcat-dap#RightsStatement",
    type: [ "class-profile" ],
    profiling: [ "http://purl.org/dc/terms/RightsStatement" ],
    usageNote: {},
    usageNoteFromProfiled: null,
    externalDocumentationUrl: null,
    name: {},
    nameFromProfiled: "http://purl.org/dc/terms/RightsStatement",
    nameProperty: "http://www.w3.org/2004/02/skos/core#prefLabel",
    description: {},
    descriptionFromProfiled: "http://purl.org/dc/terms/RightsStatement",
    descriptionProperty: "http://www.w3.org/2004/02/skos/core#definition",
  }
]
Unable to merge entities with colliding id https://mff-uk.github.io/specifications/dcat-dap#Standard because they are of unsupported types. Falling back to the first one. [
  {
    iri: "https://mff-uk.github.io/specifications/dcat-dap#Standard",
    tags: [ "https://w3id.org/dsv/class-role#supportive" ],
    id: "https://mff-uk.github.io/specifications/dcat-dap#Standard",
    type: [ "class-profile" ],
    profiling: [ "http://purl.org/dc/terms/Standard" ],
    usageNote: {},
    usageNoteFromProfiled: null,
    externalDocumentationUrl: null,
    name: {},
    nameFromProfiled: "http://purl.org/dc/terms/Standard",
    nameProperty: "http://www.w3.org/2004/02/skos/core#prefLabel",
    description: {},
    descriptionFromProfiled: "http://purl.org/dc/terms/Standard",
    descriptionProperty: "http://www.w3.org/2004/02/skos/core#definition",
    order: null,
    controlledVocabularies: [],
  }, {
    iri: "https://mff-uk.github.io/specifications/dcat-dap#Standard",
    tags: [ "https://w3id.org/dsv/class-role#supportive" ],
    id: "https://mff-uk.github.io/specifications/dcat-dap#Standard",
    type: [ "class-profile" ],
    profiling: [ "http://purl.org/dc/terms/Standard" ],
    usageNote: {},
    usageNoteFromProfiled: null,
    externalDocumentationUrl: null,
    name: {},
    nameFromProfiled: "http://purl.org/dc/terms/Standard",
    nameProperty: "http://www.w3.org/2004/02/skos/core#prefLabel",
    description: {},
    descriptionFromProfiled: "http://purl.org/dc/terms/Standard",
    descriptionProperty: "http://www.w3.org/2004/02/skos/core#definition",
  }
]
Unable to merge entities with colliding id https://mff-uk.github.io/specifications/dcat-dap#Kind because they are of unsupported types. Falling back to the first one. [
  {
    iri: "https://mff-uk.github.io/specifications/dcat-dap#Kind",
    tags: [ "https://w3id.org/dsv/class-role#supportive" ],
    id: "https://mff-uk.github.io/specifications/dcat-dap#Kind",
    type: [ "class-profile" ],
    profiling: [ "http://www.w3.org/2006/vcard/ns#Kind" ],
    usageNote: {},
    usageNoteFromProfiled: null,
    externalDocumentationUrl: null,
    name: {},
    nameFromProfiled: "http://www.w3.org/2006/vcard/ns#Kind",
    nameProperty: "http://www.w3.org/2004/02/skos/core#prefLabel",
    description: {},
    descriptionFromProfiled: "http://www.w3.org/2006/vcard/ns#Kind",
    descriptionProperty: "http://www.w3.org/2004/02/skos/core#definition",
    order: null,
    controlledVocabularies: [],
  }, {
    iri: "https://mff-uk.github.io/specifications/dcat-dap#Kind",
    tags: [ "https://w3id.org/dsv/class-role#supportive" ],
    id: "https://mff-uk.github.io/specifications/dcat-dap#Kind",
    type: [ "class-profile" ],
    profiling: [ "http://www.w3.org/2006/vcard/ns#Kind" ],
    usageNote: {},
    usageNoteFromProfiled: null,
    externalDocumentationUrl: null,
    name: {},
    nameFromProfiled: "http://www.w3.org/2006/vcard/ns#Kind",
    nameProperty: "http://www.w3.org/2004/02/skos/core#prefLabel",
    description: {},
    descriptionFromProfiled: "http://www.w3.org/2006/vcard/ns#Kind",
    descriptionProperty: "http://www.w3.org/2004/02/skos/core#definition",
  }
]
Unable to merge entities with colliding id https://mff-uk.github.io/specifications/dcat-dap#Agent because they are of unsupported types. Falling back to the first one. [
  {
    iri: "https://mff-uk.github.io/specifications/dcat-dap#Agent",
    tags: [ "https://w3id.org/dsv/class-role#supportive" ],
    id: "https://mff-uk.github.io/specifications/dcat-dap#Agent",
    type: [ "class-profile" ],
    profiling: [ "http://xmlns.com/foaf/0.1/Agent" ],
    usageNote: {},
    usageNoteFromProfiled: null,
    externalDocumentationUrl: null,
    name: {},
    nameFromProfiled: "http://xmlns.com/foaf/0.1/Agent",
    nameProperty: "http://www.w3.org/2004/02/skos/core#prefLabel",
    description: {},
    descriptionFromProfiled: "http://xmlns.com/foaf/0.1/Agent",
    descriptionProperty: "http://www.w3.org/2004/02/skos/core#definition",
    order: null,
    controlledVocabularies: [],
  }, {
    iri: "https://mff-uk.github.io/specifications/dcat-dap#Agent",
    tags: [ "https://w3id.org/dsv/class-role#supportive" ],
    id: "https://mff-uk.github.io/specifications/dcat-dap#Agent",
    type: [ "class-profile" ],
    profiling: [ "http://xmlns.com/foaf/0.1/Agent" ],
    usageNote: {},
    usageNoteFromProfiled: null,
    externalDocumentationUrl: null,
    name: {},
    nameFromProfiled: "http://xmlns.com/foaf/0.1/Agent",
    nameProperty: "http://www.w3.org/2004/02/skos/core#prefLabel",
    description: {},
    descriptionFromProfiled: "http://xmlns.com/foaf/0.1/Agent",
    descriptionProperty: "http://www.w3.org/2004/02/skos/core#definition",
  }
]
Unable to merge entities with colliding id https://mff-uk.github.io/specifications/dcat-dap#LinguisticSystem because they are of unsupported types. Falling back to the first one. [
  {
    iri: "https://mff-uk.github.io/specifications/dcat-dap#LinguisticSystem",
    tags: [ "https://w3id.org/dsv/class-role#supportive" ],
    id: "https://mff-uk.github.io/specifications/dcat-dap#LinguisticSystem",
    type: [ "class-profile" ],
    profiling: [ "http://purl.org/dc/terms/LinguisticSystem" ],
    usageNote: {},
    usageNoteFromProfiled: null,
    externalDocumentationUrl: null,
    name: {},
    nameFromProfiled: "http://purl.org/dc/terms/LinguisticSystem",
    nameProperty: "http://www.w3.org/2004/02/skos/core#prefLabel",
    description: {},
    descriptionFromProfiled: "http://purl.org/dc/terms/LinguisticSystem",
    descriptionProperty: "http://www.w3.org/2004/02/skos/core#definition",
    order: null,
    controlledVocabularies: [],
  }, {
    iri: "https://mff-uk.github.io/specifications/dcat-dap#LinguisticSystem",
    tags: [ "https://w3id.org/dsv/class-role#supportive" ],
    id: "https://mff-uk.github.io/specifications/dcat-dap#LinguisticSystem",
    type: [ "class-profile" ],
    profiling: [ "http://purl.org/dc/terms/LinguisticSystem" ],
    usageNote: {},
    usageNoteFromProfiled: null,
    externalDocumentationUrl: null,
    name: {},
    nameFromProfiled: "http://purl.org/dc/terms/LinguisticSystem",
    nameProperty: "http://www.w3.org/2004/02/skos/core#prefLabel",
    description: {},
    descriptionFromProfiled: "http://purl.org/dc/terms/LinguisticSystem",
    descriptionProperty: "http://www.w3.org/2004/02/skos/core#definition",
  }
]
Unable to merge entities with colliding id https://mff-uk.github.io/specifications/dcat-dap#Class because they are of unsupported types. Falling back to the first one. [
  {
    iri: "https://mff-uk.github.io/specifications/dcat-dap#Class",
    tags: [ "https://w3id.org/dsv/class-role#supportive" ],
    id: "https://mff-uk.github.io/specifications/dcat-dap#Class",
    type: [ "class-profile" ],
    profiling: [ "http://www.w3.org/2000/01/rdf-schema#Class" ],
    usageNote: {},
    usageNoteFromProfiled: null,
    externalDocumentationUrl: null,
    name: {},
    nameFromProfiled: "http://www.w3.org/2000/01/rdf-schema#Class",
    nameProperty: "http://www.w3.org/2004/02/skos/core#prefLabel",
    description: {},
    descriptionFromProfiled: "http://www.w3.org/2000/01/rdf-schema#Class",
    descriptionProperty: "http://www.w3.org/2004/02/skos/core#definition",
    order: null,
    controlledVocabularies: [],
  }, {
    iri: "https://mff-uk.github.io/specifications/dcat-dap#Class",
    tags: [ "https://w3id.org/dsv/class-role#supportive" ],
    id: "https://mff-uk.github.io/specifications/dcat-dap#Class",
    type: [ "class-profile" ],
    profiling: [ "http://www.w3.org/2000/01/rdf-schema#Class" ],
    usageNote: {},
    usageNoteFromProfiled: null,
    externalDocumentationUrl: null,
    name: {},
    nameFromProfiled: "http://www.w3.org/2000/01/rdf-schema#Class",
    nameProperty: "http://www.w3.org/2004/02/skos/core#prefLabel",
    description: {},
    descriptionFromProfiled: "http://www.w3.org/2000/01/rdf-schema#Class",
    descriptionProperty: "http://www.w3.org/2004/02/skos/core#definition",
  }
]
Unable to merge entities with colliding id https://mff-uk.github.io/specifications/dcat-dap#Relationship because they are of unsupported types. Falling back to the first one. [
  {
    iri: "https://mff-uk.github.io/specifications/dcat-dap#Relationship",
    tags: [ "https://w3id.org/dsv/class-role#main" ],
    id: "https://mff-uk.github.io/specifications/dcat-dap#Relationship",
    type: [ "class-profile" ],
    profiling: [ "http://www.w3.org/ns/dcat#Relationship" ],
    usageNote: {
      en: "Use to characterize a relationship between datasets, and potentially other resources, where the nature of the relationship is known but is not adequately characterized by the standard [[DCTERMS]] properties (dcterms:hasPart, dcterms:isPartOf, dcterms:conformsTo, dcterms:isFormatOf, dcterms:hasFormat, dcterms:isVersionOf, dcterms:hasVersion, dcterms:replaces, dcterms:isReplacedBy, dcterms:references, dcterms:isReferencedBy, dcterms:requires, dcterms:isRequiredBy) or [[PROV-O]] properties (prov:wasDerivedFrom, prov:wasInfluencedBy, prov:wasQuotedFrom, prov:wasRevisionOf, prov:hadPrimarySource, prov:alternateOf, prov:specializationOf)",
    },
    usageNoteFromProfiled: null,
    externalDocumentationUrl: "https://www.w3.org/TR/vocab-dcat-3/#Class:Organization_Person",
    name: {},
    nameFromProfiled: "http://www.w3.org/ns/dcat#Relationship",
    nameProperty: "http://www.w3.org/2004/02/skos/core#prefLabel",
    description: {},
    descriptionFromProfiled: "http://www.w3.org/ns/dcat#Relationship",
    descriptionProperty: "http://www.w3.org/2004/02/skos/core#definition",
    order: null,
    controlledVocabularies: [],
  }, {
    iri: "https://mff-uk.github.io/specifications/dcat-dap#Relationship",
    tags: [ "https://w3id.org/dsv/class-role#main" ],
    id: "https://mff-uk.github.io/specifications/dcat-dap#Relationship",
    type: [ "class-profile" ],
    profiling: [ "http://www.w3.org/ns/dcat#Relationship" ],
    usageNote: {
      en: "Use to characterize a relationship between datasets, and potentially other resources, where the nature of the relationship is known but is not adequately characterized by the standard [[DCTERMS]] properties (dcterms:hasPart, dcterms:isPartOf, dcterms:conformsTo, dcterms:isFormatOf, dcterms:hasFormat, dcterms:isVersionOf, dcterms:hasVersion, dcterms:replaces, dcterms:isReplacedBy, dcterms:references, dcterms:isReferencedBy, dcterms:requires, dcterms:isRequiredBy) or [[PROV-O]] properties (prov:wasDerivedFrom, prov:wasInfluencedBy, prov:wasQuotedFrom, prov:wasRevisionOf, prov:hadPrimarySource, prov:alternateOf, prov:specializationOf)",
    },
    usageNoteFromProfiled: null,
    externalDocumentationUrl: "https://www.w3.org/TR/vocab-dcat-3/#Class:Organization_Person",
    name: {},
    nameFromProfiled: "http://www.w3.org/ns/dcat#Relationship",
    nameProperty: "http://www.w3.org/2004/02/skos/core#prefLabel",
    description: {},
    descriptionFromProfiled: "http://www.w3.org/ns/dcat#Relationship",
    descriptionProperty: "http://www.w3.org/2004/02/skos/core#definition",
  }
]
Unable to merge entities with colliding id https://mff-uk.github.io/specifications/dcat-dap#Attribution because they are of unsupported types. Falling back to the first one. [
  {
    iri: "https://mff-uk.github.io/specifications/dcat-dap#Attribution",
    tags: [ "https://w3id.org/dsv/class-role#supportive" ],
    id: "https://mff-uk.github.io/specifications/dcat-dap#Attribution",
    type: [ "class-profile" ],
    profiling: [ "http://www.w3.org/ns/prov#Attribution" ],
    usageNote: {},
    usageNoteFromProfiled: null,
    externalDocumentationUrl: null,
    name: {},
    nameFromProfiled: "http://www.w3.org/ns/prov#Attribution",
    nameProperty: "http://www.w3.org/2004/02/skos/core#prefLabel",
    description: {},
    descriptionFromProfiled: "http://www.w3.org/ns/prov#Attribution",
    descriptionProperty: "http://www.w3.org/2004/02/skos/core#definition",
    order: null,
    controlledVocabularies: [],
  }, {
    iri: "https://mff-uk.github.io/specifications/dcat-dap#Attribution",
    tags: [ "https://w3id.org/dsv/class-role#supportive" ],
    id: "https://mff-uk.github.io/specifications/dcat-dap#Attribution",
    type: [ "class-profile" ],
    profiling: [ "http://www.w3.org/ns/prov#Attribution" ],
    usageNote: {},
    usageNoteFromProfiled: null,
    externalDocumentationUrl: null,
    name: {},
    nameFromProfiled: "http://www.w3.org/ns/prov#Attribution",
    nameProperty: "http://www.w3.org/2004/02/skos/core#prefLabel",
    description: {},
    descriptionFromProfiled: "http://www.w3.org/ns/prov#Attribution",
    descriptionProperty: "http://www.w3.org/2004/02/skos/core#definition",
  }
]
Unable to merge entities with colliding id https://mff-uk.github.io/specifications/dcat-dap#LicenseDocument because they are of unsupported types. Falling back to the first one. [
  {
    iri: "https://mff-uk.github.io/specifications/dcat-dap#LicenseDocument",
    tags: [ "https://w3id.org/dsv/class-role#supportive" ],
    id: "https://mff-uk.github.io/specifications/dcat-dap#LicenseDocument",
    type: [ "class-profile" ],
    profiling: [ "http://purl.org/dc/terms/LicenseDocument" ],
    usageNote: {},
    usageNoteFromProfiled: null,
    externalDocumentationUrl: null,
    name: {},
    nameFromProfiled: "http://purl.org/dc/terms/LicenseDocument",
    nameProperty: "http://www.w3.org/2004/02/skos/core#prefLabel",
    description: {},
    descriptionFromProfiled: "http://purl.org/dc/terms/LicenseDocument",
    descriptionProperty: "http://www.w3.org/2004/02/skos/core#definition",
    order: null,
    controlledVocabularies: [],
  }, {
    iri: "https://mff-uk.github.io/specifications/dcat-dap#LicenseDocument",
    tags: [ "https://w3id.org/dsv/class-role#supportive" ],
    id: "https://mff-uk.github.io/specifications/dcat-dap#LicenseDocument",
    type: [ "class-profile" ],
    profiling: [ "http://purl.org/dc/terms/LicenseDocument" ],
    usageNote: {},
    usageNoteFromProfiled: null,
    externalDocumentationUrl: null,
    name: {},
    nameFromProfiled: "http://purl.org/dc/terms/LicenseDocument",
    nameProperty: "http://www.w3.org/2004/02/skos/core#prefLabel",
    description: {},
    descriptionFromProfiled: "http://purl.org/dc/terms/LicenseDocument",
    descriptionProperty: "http://www.w3.org/2004/02/skos/core#definition",
  }
]
Unable to merge entities with colliding id https://mff-uk.github.io/specifications/dcat-dap#Policy because they are of unsupported types. Falling back to the first one. [
  {
    iri: "https://mff-uk.github.io/specifications/dcat-dap#Policy",
    tags: [ "https://w3id.org/dsv/class-role#supportive" ],
    id: "https://mff-uk.github.io/specifications/dcat-dap#Policy",
    type: [ "class-profile" ],
    profiling: [ "http://www.w3.org/ns/odrl/2/Policy" ],
    usageNote: {},
    usageNoteFromProfiled: null,
    externalDocumentationUrl: null,
    name: {},
    nameFromProfiled: "http://www.w3.org/ns/odrl/2/Policy",
    nameProperty: "http://www.w3.org/2004/02/skos/core#prefLabel",
    description: {},
    descriptionFromProfiled: "http://www.w3.org/ns/odrl/2/Policy",
    descriptionProperty: "http://www.w3.org/2004/02/skos/core#definition",
    order: null,
    controlledVocabularies: [],
  }, {
    iri: "https://mff-uk.github.io/specifications/dcat-dap#Policy",
    tags: [ "https://w3id.org/dsv/class-role#supportive" ],
    id: "https://mff-uk.github.io/specifications/dcat-dap#Policy",
    type: [ "class-profile" ],
    profiling: [ "http://www.w3.org/ns/odrl/2/Policy" ],
    usageNote: {},
    usageNoteFromProfiled: null,
    externalDocumentationUrl: null,
    name: {},
    nameFromProfiled: "http://www.w3.org/ns/odrl/2/Policy",
    nameProperty: "http://www.w3.org/2004/02/skos/core#prefLabel",
    description: {},
    descriptionFromProfiled: "http://www.w3.org/ns/odrl/2/Policy",
    descriptionProperty: "http://www.w3.org/2004/02/skos/core#definition",
  }
]
Unable to merge entities with colliding id https://mff-uk.github.io/specifications/dcat-dap#Distribution because they are of unsupported types. Falling back to the first one. [
  {
    iri: "https://mff-uk.github.io/specifications/dcat-dap#Distribution",
    tags: [ "https://w3id.org/dsv/class-role#main" ],
    id: "https://mff-uk.github.io/specifications/dcat-dap#Distribution",
    type: [ "class-profile" ],
    profiling: [ "http://www.w3.org/ns/dcat#Distribution" ],
    usageNote: {
      en: "This represents a general availability of a dataset. It implies no information about the actual access method of the data, i.e., whether by direct download, API, or through a Web page. The use of dcat:downloadURL property indicates directly downloadable distributions.",
    },
    usageNoteFromProfiled: null,
    externalDocumentationUrl: "https://www.w3.org/TR/vocab-dcat-3/#Class:Dataset_Series",
    name: {},
    nameFromProfiled: "http://www.w3.org/ns/dcat#Distribution",
    nameProperty: "http://www.w3.org/2004/02/skos/core#prefLabel",
    description: {},
    descriptionFromProfiled: "http://www.w3.org/ns/dcat#Distribution",
    descriptionProperty: "http://www.w3.org/2004/02/skos/core#definition",
    order: null,
    controlledVocabularies: [],
  }, {
    iri: "https://mff-uk.github.io/specifications/dcat-dap#Distribution",
    tags: [ "https://w3id.org/dsv/class-role#main" ],
    id: "https://mff-uk.github.io/specifications/dcat-dap#Distribution",
    type: [ "class-profile" ],
    profiling: [ "http://www.w3.org/ns/dcat#Distribution" ],
    usageNote: {
      en: "This represents a general availability of a dataset. It implies no information about the actual access method of the data, i.e., whether by direct download, API, or through a Web page. The use of dcat:downloadURL property indicates directly downloadable distributions.",
    },
    usageNoteFromProfiled: null,
    externalDocumentationUrl: "https://www.w3.org/TR/vocab-dcat-3/#Class:Dataset_Series",
    name: {},
    nameFromProfiled: "http://www.w3.org/ns/dcat#Distribution",
    nameProperty: "http://www.w3.org/2004/02/skos/core#prefLabel",
    description: {},
    descriptionFromProfiled: "http://www.w3.org/ns/dcat#Distribution",
    descriptionProperty: "http://www.w3.org/2004/02/skos/core#definition",
  }
]
Unable to merge entities with colliding id https://mff-uk.github.io/specifications/dcat-dap#DatasetSeries because they are of unsupported types. Falling back to the first one. [
  {
    iri: "https://mff-uk.github.io/specifications/dcat-dap#DatasetSeries",
    tags: [ "https://w3id.org/dsv/class-role#main" ],
    id: "https://mff-uk.github.io/specifications/dcat-dap#DatasetSeries",
    type: [ "class-profile" ],
    profiling: [ "http://www.w3.org/ns/dcat#DatasetSeries" ],
    usageNote: {
      en: "Dataset series can be also soft-typed via property dcterms:type as in the approach used in [[GeoDCAT-AP]], and adopted in [[DCAT-AP-IT]] and [[GeoDCAT-AP-IT]]).\nCommon scenarios for dataset series include: time series composed of periodically released subsets; map-series composed of items of the same type or theme but with differing spatial footprints.",
    },
    usageNoteFromProfiled: null,
    externalDocumentationUrl: "https://www.w3.org/TR/vocab-dcat-3/#Class:Dataset_Series",
    name: {
      en: "Dataset Series",
      es: "Serie de conjuntos de datos",
      it: "Serie di dataset",
    },
    nameFromProfiled: null,
    nameProperty: null,
    description: {},
    descriptionFromProfiled: "http://www.w3.org/ns/dcat#DatasetSeries",
    descriptionProperty: "http://www.w3.org/2004/02/skos/core#definition",
    order: null,
    controlledVocabularies: [],
  }, {
    iri: "https://mff-uk.github.io/specifications/dcat-dap#DatasetSeries",
    tags: [ "https://w3id.org/dsv/class-role#main" ],
    id: "https://mff-uk.github.io/specifications/dcat-dap#DatasetSeries",
    type: [ "class-profile" ],
    profiling: [ "http://www.w3.org/ns/dcat#DatasetSeries" ],
    usageNote: {
      en: "Dataset series can be also soft-typed via property dcterms:type as in the approach used in [[GeoDCAT-AP]], and adopted in [[DCAT-AP-IT]] and [[GeoDCAT-AP-IT]]).\nCommon scenarios for dataset series include: time series composed of periodically released subsets; map-series composed of items of the same type or theme but with differing spatial footprints.",
    },
    usageNoteFromProfiled: null,
    externalDocumentationUrl: "https://www.w3.org/TR/vocab-dcat-3/#Class:Dataset_Series",
    name: {
      en: "Dataset Series",
      es: "Serie de conjuntos de datos",
      it: "Serie di dataset",
    },
    nameFromProfiled: null,
    nameProperty: null,
    description: {},
    descriptionFromProfiled: "http://www.w3.org/ns/dcat#DatasetSeries",
    descriptionProperty: "http://www.w3.org/2004/02/skos/core#definition",
  }
]
Unable to merge entities with colliding id https://mff-uk.github.io/specifications/dcat-dap#Frequency because they are of unsupported types. Falling back to the first one. [
  {
    iri: "https://mff-uk.github.io/specifications/dcat-dap#Frequency",
    tags: [ "https://w3id.org/dsv/class-role#supportive" ],
    id: "https://mff-uk.github.io/specifications/dcat-dap#Frequency",
    type: [ "class-profile" ],
    profiling: [ "http://purl.org/dc/terms/Frequency" ],
    usageNote: {},
    usageNoteFromProfiled: null,
    externalDocumentationUrl: null,
    name: {},
    nameFromProfiled: "http://purl.org/dc/terms/Frequency",
    nameProperty: "http://www.w3.org/2004/02/skos/core#prefLabel",
    description: {},
    descriptionFromProfiled: "http://purl.org/dc/terms/Frequency",
    descriptionProperty: "http://www.w3.org/2004/02/skos/core#definition",
    order: null,
    controlledVocabularies: [],
  }, {
    iri: "https://mff-uk.github.io/specifications/dcat-dap#Frequency",
    tags: [ "https://w3id.org/dsv/class-role#supportive" ],
    id: "https://mff-uk.github.io/specifications/dcat-dap#Frequency",
    type: [ "class-profile" ],
    profiling: [ "http://purl.org/dc/terms/Frequency" ],
    usageNote: {},
    usageNoteFromProfiled: null,
    externalDocumentationUrl: null,
    name: {},
    nameFromProfiled: "http://purl.org/dc/terms/Frequency",
    nameProperty: "http://www.w3.org/2004/02/skos/core#prefLabel",
    description: {},
    descriptionFromProfiled: "http://purl.org/dc/terms/Frequency",
    descriptionProperty: "http://www.w3.org/2004/02/skos/core#definition",
  }
]
Unable to merge entities with colliding id https://mff-uk.github.io/specifications/dcat-dap#Location because they are of unsupported types. Falling back to the first one. [
  {
    iri: "https://mff-uk.github.io/specifications/dcat-dap#Location",
    tags: [ "https://w3id.org/dsv/class-role#main" ],
    id: "https://mff-uk.github.io/specifications/dcat-dap#Location",
    type: [ "class-profile" ],
    profiling: [ "http://purl.org/dc/terms/Location" ],
    usageNote: {
      en: "For an extensive geometry (i.e., a set of coordinates denoting the vertices of the relevant geographic area), the property locn:geometry [[LOCN]] SHOULD be used.\nFor a geographic bounding box delimiting a spatial area the property dcat:bbox SHOULD be used.\nFor the geographic center of a spatial area, or another characteristic point, the property dcat:centroid SHOULD be used.",
    },
    usageNoteFromProfiled: null,
    externalDocumentationUrl: "https://www.w3.org/TR/vocab-dcat-3/#Class:Location",
    name: {},
    nameFromProfiled: "http://purl.org/dc/terms/Location",
    nameProperty: "http://www.w3.org/2004/02/skos/core#prefLabel",
    description: {},
    descriptionFromProfiled: "http://purl.org/dc/terms/Location",
    descriptionProperty: "http://www.w3.org/2004/02/skos/core#definition",
    order: null,
    controlledVocabularies: [],
  }, {
    iri: "https://mff-uk.github.io/specifications/dcat-dap#Location",
    tags: [ "https://w3id.org/dsv/class-role#main" ],
    id: "https://mff-uk.github.io/specifications/dcat-dap#Location",
    type: [ "class-profile" ],
    profiling: [ "http://purl.org/dc/terms/Location" ],
    usageNote: {
      en: "For an extensive geometry (i.e., a set of coordinates denoting the vertices of the relevant geographic area), the property locn:geometry [[LOCN]] SHOULD be used.\nFor a geographic bounding box delimiting a spatial area the property dcat:bbox SHOULD be used.\nFor the geographic center of a spatial area, or another characteristic point, the property dcat:centroid SHOULD be used.",
    },
    usageNoteFromProfiled: null,
    externalDocumentationUrl: "https://www.w3.org/TR/vocab-dcat-3/#Class:Location",
    name: {},
    nameFromProfiled: "http://purl.org/dc/terms/Location",
    nameProperty: "http://www.w3.org/2004/02/skos/core#prefLabel",
    description: {},
    descriptionFromProfiled: "http://purl.org/dc/terms/Location",
    descriptionProperty: "http://www.w3.org/2004/02/skos/core#definition",
  }
]
Unable to merge entities with colliding id https://mff-uk.github.io/specifications/dcat-dap#PeriodOfTime because they are of unsupported types. Falling back to the first one. [
  {
    iri: "https://mff-uk.github.io/specifications/dcat-dap#PeriodOfTime",
    tags: [ "https://w3id.org/dsv/class-role#main" ],
    id: "https://mff-uk.github.io/specifications/dcat-dap#PeriodOfTime",
    type: [ "class-profile" ],
    profiling: [ "http://purl.org/dc/terms/PeriodOfTime" ],
    usageNote: {
      en: "The start and end of the interval SHOULD be given by using properties dcat:startDate or time:hasBeginning, and dcat:endDate or time:hasEnd, respectively. The interval can also be open - i.e., it can have just a start or just an end.",
    },
    usageNoteFromProfiled: null,
    externalDocumentationUrl: "https://www.w3.org/TR/vocab-dcat-3/#Class:Period_of_Time",
    name: {},
    nameFromProfiled: "http://purl.org/dc/terms/PeriodOfTime",
    nameProperty: "http://www.w3.org/2004/02/skos/core#prefLabel",
    description: {
      en: "An interval of time that is named or defined by its start and end.",
    },
    descriptionFromProfiled: null,
    descriptionProperty: null,
    order: null,
    controlledVocabularies: [],
  }, {
    iri: "https://mff-uk.github.io/specifications/dcat-dap#PeriodOfTime",
    tags: [ "https://w3id.org/dsv/class-role#main" ],
    id: "https://mff-uk.github.io/specifications/dcat-dap#PeriodOfTime",
    type: [ "class-profile" ],
    profiling: [ "http://purl.org/dc/terms/PeriodOfTime" ],
    usageNote: {
      en: "The start and end of the interval SHOULD be given by using properties dcat:startDate or time:hasBeginning, and dcat:endDate or time:hasEnd, respectively. The interval can also be open - i.e., it can have just a start or just an end.",
    },
    usageNoteFromProfiled: null,
    externalDocumentationUrl: "https://www.w3.org/TR/vocab-dcat-3/#Class:Period_of_Time",
    name: {},
    nameFromProfiled: "http://purl.org/dc/terms/PeriodOfTime",
    nameProperty: "http://www.w3.org/2004/02/skos/core#prefLabel",
    description: {
      en: "An interval of time that is named or defined by its start and end.",
    },
    descriptionFromProfiled: null,
    descriptionProperty: null,
  }
]
Unable to merge entities with colliding id https://mff-uk.github.io/specifications/dcat-dap#Entity because they are of unsupported types. Falling back to the first one. [
  {
    iri: "https://mff-uk.github.io/specifications/dcat-dap#Entity",
    tags: [ "https://w3id.org/dsv/class-role#supportive" ],
    id: "https://mff-uk.github.io/specifications/dcat-dap#Entity",
    type: [ "class-profile" ],
    profiling: [ "http://www.w3.org/ns/prov#Entity" ],
    usageNote: {},
    usageNoteFromProfiled: null,
    externalDocumentationUrl: null,
    name: {},
    nameFromProfiled: "http://www.w3.org/ns/prov#Entity",
    nameProperty: "http://www.w3.org/2004/02/skos/core#prefLabel",
    description: {},
    descriptionFromProfiled: "http://www.w3.org/ns/prov#Entity",
    descriptionProperty: "http://www.w3.org/2004/02/skos/core#definition",
    order: null,
    controlledVocabularies: [],
  }, {
    iri: "https://mff-uk.github.io/specifications/dcat-dap#Entity",
    tags: [ "https://w3id.org/dsv/class-role#supportive" ],
    id: "https://mff-uk.github.io/specifications/dcat-dap#Entity",
    type: [ "class-profile" ],
    profiling: [ "http://www.w3.org/ns/prov#Entity" ],
    usageNote: {},
    usageNoteFromProfiled: null,
    externalDocumentationUrl: null,
    name: {},
    nameFromProfiled: "http://www.w3.org/ns/prov#Entity",
    nameProperty: "http://www.w3.org/2004/02/skos/core#prefLabel",
    description: {},
    descriptionFromProfiled: "http://www.w3.org/ns/prov#Entity",
    descriptionProperty: "http://www.w3.org/2004/02/skos/core#definition",
  }
]
Unable to merge entities with colliding id https://mff-uk.github.io/specifications/dcat-dap#MediaType because they are of unsupported types. Falling back to the first one. [
  {
    iri: "https://mff-uk.github.io/specifications/dcat-dap#MediaType",
    tags: [ "https://w3id.org/dsv/class-role#supportive" ],
    id: "https://mff-uk.github.io/specifications/dcat-dap#MediaType",
    type: [ "class-profile" ],
    profiling: [ "http://purl.org/dc/terms/MediaType" ],
    usageNote: {},
    usageNoteFromProfiled: null,
    externalDocumentationUrl: null,
    name: {},
    nameFromProfiled: "http://purl.org/dc/terms/MediaType",
    nameProperty: "http://www.w3.org/2004/02/skos/core#prefLabel",
    description: {},
    descriptionFromProfiled: "http://purl.org/dc/terms/MediaType",
    descriptionProperty: "http://www.w3.org/2004/02/skos/core#definition",
    order: null,
    controlledVocabularies: [],
  }, {
    iri: "https://mff-uk.github.io/specifications/dcat-dap#MediaType",
    tags: [ "https://w3id.org/dsv/class-role#supportive" ],
    id: "https://mff-uk.github.io/specifications/dcat-dap#MediaType",
    type: [ "class-profile" ],
    profiling: [ "http://purl.org/dc/terms/MediaType" ],
    usageNote: {},
    usageNoteFromProfiled: null,
    externalDocumentationUrl: null,
    name: {},
    nameFromProfiled: "http://purl.org/dc/terms/MediaType",
    nameProperty: "http://www.w3.org/2004/02/skos/core#prefLabel",
    description: {},
    descriptionFromProfiled: "http://purl.org/dc/terms/MediaType",
    descriptionProperty: "http://www.w3.org/2004/02/skos/core#definition",
  }
]
Unable to merge entities with colliding id https://mff-uk.github.io/specifications/dcat-dap#MediaTypeOrExtent because they are of unsupported types. Falling back to the first one. [
  {
    iri: "https://mff-uk.github.io/specifications/dcat-dap#MediaTypeOrExtent",
    tags: [ "https://w3id.org/dsv/class-role#supportive" ],
    id: "https://mff-uk.github.io/specifications/dcat-dap#MediaTypeOrExtent",
    type: [ "class-profile" ],
    profiling: [ "http://purl.org/dc/terms/MediaTypeOrExtent" ],
    usageNote: {},
    usageNoteFromProfiled: null,
    externalDocumentationUrl: null,
    name: {},
    nameFromProfiled: "http://purl.org/dc/terms/MediaTypeOrExtent",
    nameProperty: "http://www.w3.org/2004/02/skos/core#prefLabel",
    description: {},
    descriptionFromProfiled: "http://purl.org/dc/terms/MediaTypeOrExtent",
    descriptionProperty: "http://www.w3.org/2004/02/skos/core#definition",
    order: null,
    controlledVocabularies: [],
  }, {
    iri: "https://mff-uk.github.io/specifications/dcat-dap#MediaTypeOrExtent",
    tags: [ "https://w3id.org/dsv/class-role#supportive" ],
    id: "https://mff-uk.github.io/specifications/dcat-dap#MediaTypeOrExtent",
    type: [ "class-profile" ],
    profiling: [ "http://purl.org/dc/terms/MediaTypeOrExtent" ],
    usageNote: {},
    usageNoteFromProfiled: null,
    externalDocumentationUrl: null,
    name: {},
    nameFromProfiled: "http://purl.org/dc/terms/MediaTypeOrExtent",
    nameProperty: "http://www.w3.org/2004/02/skos/core#prefLabel",
    description: {},
    descriptionFromProfiled: "http://purl.org/dc/terms/MediaTypeOrExtent",
    descriptionProperty: "http://www.w3.org/2004/02/skos/core#definition",
  }
]
Unable to merge entities with colliding id https://mff-uk.github.io/specifications/dcat-dap#Concept because they are of unsupported types. Falling back to the first one. [
  {
    iri: "https://mff-uk.github.io/specifications/dcat-dap#Concept",
    tags: [ "https://w3id.org/dsv/class-role#main" ],
    id: "https://mff-uk.github.io/specifications/dcat-dap#Concept",
    type: [ "class-profile" ],
    profiling: [ "http://www.w3.org/2004/02/skos/core#Concept" ],
    usageNote: {
      en: "It is recommended to use either skos:inScheme or skos:topConceptOf on every skos:Concept used to classify datasets to link it to the concept scheme it belongs to. This concept scheme is typically associated with the catalog using dcat:themeTaxonomy.",
    },
    usageNoteFromProfiled: null,
    externalDocumentationUrl: "https://www.w3.org/TR/vocab-dcat-3/#Class:Concept",
    name: {},
    nameFromProfiled: "http://www.w3.org/2004/02/skos/core#Concept",
    nameProperty: "http://www.w3.org/2004/02/skos/core#prefLabel",
    description: {
      en: "A category or a theme used to describe datasets in the catalog.",
    },
    descriptionFromProfiled: null,
    descriptionProperty: null,
    order: null,
    controlledVocabularies: [],
  }, {
    iri: "https://mff-uk.github.io/specifications/dcat-dap#Concept",
    tags: [ "https://w3id.org/dsv/class-role#main" ],
    id: "https://mff-uk.github.io/specifications/dcat-dap#Concept",
    type: [ "class-profile" ],
    profiling: [ "http://www.w3.org/2004/02/skos/core#Concept" ],
    usageNote: {
      en: "It is recommended to use either skos:inScheme or skos:topConceptOf on every skos:Concept used to classify datasets to link it to the concept scheme it belongs to. This concept scheme is typically associated with the catalog using dcat:themeTaxonomy.",
    },
    usageNoteFromProfiled: null,
    externalDocumentationUrl: "https://www.w3.org/TR/vocab-dcat-3/#Class:Concept",
    name: {},
    nameFromProfiled: "http://www.w3.org/2004/02/skos/core#Concept",
    nameProperty: "http://www.w3.org/2004/02/skos/core#prefLabel",
    description: {
      en: "A category or a theme used to describe datasets in the catalog.",
    },
    descriptionFromProfiled: null,
    descriptionProperty: null,
  }
]
Unable to merge entities with colliding id https://mff-uk.github.io/specifications/dcat-dap#ConceptScheme because they are of unsupported types. Falling back to the first one. [
  {
    iri: "https://mff-uk.github.io/specifications/dcat-dap#ConceptScheme",
    tags: [ "https://w3id.org/dsv/class-role#main" ],
    id: "https://mff-uk.github.io/specifications/dcat-dap#ConceptScheme",
    type: [ "class-profile" ],
    profiling: [ "http://www.w3.org/2004/02/skos/core#ConceptScheme" ],
    usageNote: {},
    usageNoteFromProfiled: null,
    externalDocumentationUrl: "https://www.w3.org/TR/vocab-dcat-3/#Class:Concept_Scheme",
    name: {},
    nameFromProfiled: "http://www.w3.org/2004/02/skos/core#ConceptScheme",
    nameProperty: "http://www.w3.org/2004/02/skos/core#prefLabel",
    description: {
      en: "A knowledge organization system (KOS) used to represent themes/categories of datasets in the catalog.",
    },
    descriptionFromProfiled: null,
    descriptionProperty: null,
    order: null,
    controlledVocabularies: [],
  }, {
    iri: "https://mff-uk.github.io/specifications/dcat-dap#ConceptScheme",
    tags: [ "https://w3id.org/dsv/class-role#main" ],
    id: "https://mff-uk.github.io/specifications/dcat-dap#ConceptScheme",
    type: [ "class-profile" ],
    profiling: [ "http://www.w3.org/2004/02/skos/core#ConceptScheme" ],
    usageNote: {},
    usageNoteFromProfiled: null,
    externalDocumentationUrl: "https://www.w3.org/TR/vocab-dcat-3/#Class:Concept_Scheme",
    name: {},
    nameFromProfiled: "http://www.w3.org/2004/02/skos/core#ConceptScheme",
    nameProperty: "http://www.w3.org/2004/02/skos/core#prefLabel",
    description: {
      en: "A knowledge organization system (KOS) used to represent themes/categories of datasets in the catalog.",
    },
    descriptionFromProfiled: null,
    descriptionProperty: null,
  }
]
Unable to merge entities with colliding id https://mff-uk.github.io/specifications/dcat-dap#Person because they are of unsupported types. Falling back to the first one. [
  {
    iri: "https://mff-uk.github.io/specifications/dcat-dap#Person",
    tags: [ "https://w3id.org/dsv/class-role#main" ],
    id: "https://mff-uk.github.io/specifications/dcat-dap#Person",
    type: [ "class-profile" ],
    profiling: [ "http://xmlns.com/foaf/0.1/Person" ],
    usageNote: {
      en: "[[FOAF]] provides several properties to describe these entities.",
    },
    usageNoteFromProfiled: null,
    externalDocumentationUrl: "https://www.w3.org/TR/vocab-dcat-3/#Class:Organization_Person",
    name: {},
    nameFromProfiled: "http://xmlns.com/foaf/0.1/Person",
    nameProperty: "http://www.w3.org/2004/02/skos/core#prefLabel",
    description: {},
    descriptionFromProfiled: "http://xmlns.com/foaf/0.1/Person",
    descriptionProperty: "http://www.w3.org/2004/02/skos/core#definition",
    order: null,
    controlledVocabularies: [],
  }, {
    iri: "https://mff-uk.github.io/specifications/dcat-dap#Person",
    tags: [ "https://w3id.org/dsv/class-role#main" ],
    id: "https://mff-uk.github.io/specifications/dcat-dap#Person",
    type: [ "class-profile" ],
    profiling: [ "http://xmlns.com/foaf/0.1/Person" ],
    usageNote: {
      en: "[[FOAF]] provides several properties to describe these entities.",
    },
    usageNoteFromProfiled: null,
    externalDocumentationUrl: "https://www.w3.org/TR/vocab-dcat-3/#Class:Organization_Person",
    name: {},
    nameFromProfiled: "http://xmlns.com/foaf/0.1/Person",
    nameProperty: "http://www.w3.org/2004/02/skos/core#prefLabel",
    description: {},
    descriptionFromProfiled: "http://xmlns.com/foaf/0.1/Person",
    descriptionProperty: "http://www.w3.org/2004/02/skos/core#definition",
  }
]
Unable to merge entities with colliding id https://mff-uk.github.io/specifications/dcat-dap#Organization because they are of unsupported types. Falling back to the first one. [
  {
    iri: "https://mff-uk.github.io/specifications/dcat-dap#Organization",
    tags: [ "https://w3id.org/dsv/class-role#main" ],
    id: "https://mff-uk.github.io/specifications/dcat-dap#Organization",
    type: [ "class-profile" ],
    profiling: [ "http://xmlns.com/foaf/0.1/Organization" ],
    usageNote: {
      en: "[[FOAF]] provides several properties to describe these entities.",
    },
    usageNoteFromProfiled: null,
    externalDocumentationUrl: "https://www.w3.org/TR/vocab-dcat-3/#Class:Organization_Person",
    name: {},
    nameFromProfiled: "http://xmlns.com/foaf/0.1/Organization",
    nameProperty: "http://www.w3.org/2004/02/skos/core#prefLabel",
    description: {},
    descriptionFromProfiled: "http://xmlns.com/foaf/0.1/Organization",
    descriptionProperty: "http://www.w3.org/2004/02/skos/core#definition",
    order: null,
    controlledVocabularies: [],
  }, {
    iri: "https://mff-uk.github.io/specifications/dcat-dap#Organization",
    tags: [ "https://w3id.org/dsv/class-role#main" ],
    id: "https://mff-uk.github.io/specifications/dcat-dap#Organization",
    type: [ "class-profile" ],
    profiling: [ "http://xmlns.com/foaf/0.1/Organization" ],
    usageNote: {
      en: "[[FOAF]] provides several properties to describe these entities.",
    },
    usageNoteFromProfiled: null,
    externalDocumentationUrl: "https://www.w3.org/TR/vocab-dcat-3/#Class:Organization_Person",
    name: {},
    nameFromProfiled: "http://xmlns.com/foaf/0.1/Organization",
    nameProperty: "http://www.w3.org/2004/02/skos/core#prefLabel",
    description: {},
    descriptionFromProfiled: "http://xmlns.com/foaf/0.1/Organization",
    descriptionProperty: "http://www.w3.org/2004/02/skos/core#definition",
  }
]
Unable to merge entities with colliding id https://mff-uk.github.io/specifications/dcat-dap#Role because they are of unsupported types. Falling back to the first one. [
  {
    iri: "https://mff-uk.github.io/specifications/dcat-dap#Role",
    tags: [ "https://w3id.org/dsv/class-role#main" ],
    id: "https://mff-uk.github.io/specifications/dcat-dap#Role",
    type: [ "class-profile" ],
    profiling: [ "http://www.w3.org/ns/dcat#Role" ],
    usageNote: {
      en: "Used in a qualified-attribution to specify the role of an Agent with respect to an Entity. It is recommended that the values be managed as a controlled vocabulary of agent roles, such as [[ISO-19115-1]] CI_RoleCode.\nUsed in a qualified-relation to specify the role of an Entity with respect to another Entity. It is recommended that the values be managed as a controlled vocabulary of entity roles such as [[ISO-19115-1]] DS_AssociationTypeCode, IANA Registry of Link Relations [[IANA-RELATIONS]], DataCite metadata schema [[DataCite]], MARC relators.",
    },
    usageNoteFromProfiled: null,
    externalDocumentationUrl: "https://www.w3.org/TR/vocab-dcat-3/#Class:Role",
    name: {},
    nameFromProfiled: "http://www.w3.org/ns/dcat#Role",
    nameProperty: "http://www.w3.org/2004/02/skos/core#prefLabel",
    description: {},
    descriptionFromProfiled: "http://www.w3.org/ns/dcat#Role",
    descriptionProperty: "http://www.w3.org/2004/02/skos/core#definition",
    order: null,
    controlledVocabularies: [],
  }, {
    iri: "https://mff-uk.github.io/specifications/dcat-dap#Role",
    tags: [ "https://w3id.org/dsv/class-role#main" ],
    id: "https://mff-uk.github.io/specifications/dcat-dap#Role",
    type: [ "class-profile" ],
    profiling: [ "http://www.w3.org/ns/dcat#Role" ],
    usageNote: {
      en: "Used in a qualified-attribution to specify the role of an Agent with respect to an Entity. It is recommended that the values be managed as a controlled vocabulary of agent roles, such as [[ISO-19115-1]] CI_RoleCode.\nUsed in a qualified-relation to specify the role of an Entity with respect to another Entity. It is recommended that the values be managed as a controlled vocabulary of entity roles such as [[ISO-19115-1]] DS_AssociationTypeCode, IANA Registry of Link Relations [[IANA-RELATIONS]], DataCite metadata schema [[DataCite]], MARC relators.",
    },
    usageNoteFromProfiled: null,
    externalDocumentationUrl: "https://www.w3.org/TR/vocab-dcat-3/#Class:Role",
    name: {},
    nameFromProfiled: "http://www.w3.org/ns/dcat#Role",
    nameProperty: "http://www.w3.org/2004/02/skos/core#prefLabel",
    description: {},
    descriptionFromProfiled: "http://www.w3.org/ns/dcat#Role",
    descriptionProperty: "http://www.w3.org/2004/02/skos/core#definition",
  }
]
Unable to merge entities with colliding id https://mff-uk.github.io/specifications/dcat-dap#Instant because they are of unsupported types. Falling back to the first one. [
  {
    iri: "https://mff-uk.github.io/specifications/dcat-dap#Instant",
    tags: [ "https://w3id.org/dsv/class-role#supportive" ],
    id: "https://mff-uk.github.io/specifications/dcat-dap#Instant",
    type: [ "class-profile" ],
    profiling: [ "http://www.w3.org/2006/time#Instant" ],
    usageNote: {},
    usageNoteFromProfiled: null,
    externalDocumentationUrl: null,
    name: {},
    nameFromProfiled: "http://www.w3.org/2006/time#Instant",
    nameProperty: "http://www.w3.org/2004/02/skos/core#prefLabel",
    description: {},
    descriptionFromProfiled: "http://www.w3.org/2006/time#Instant",
    descriptionProperty: "http://www.w3.org/2004/02/skos/core#definition",
    order: null,
    controlledVocabularies: [],
  }, {
    iri: "https://mff-uk.github.io/specifications/dcat-dap#Instant",
    tags: [ "https://w3id.org/dsv/class-role#supportive" ],
    id: "https://mff-uk.github.io/specifications/dcat-dap#Instant",
    type: [ "class-profile" ],
    profiling: [ "http://www.w3.org/2006/time#Instant" ],
    usageNote: {},
    usageNoteFromProfiled: null,
    externalDocumentationUrl: null,
    name: {},
    nameFromProfiled: "http://www.w3.org/2006/time#Instant",
    nameProperty: "http://www.w3.org/2004/02/skos/core#prefLabel",
    description: {},
    descriptionFromProfiled: "http://www.w3.org/2006/time#Instant",
    descriptionProperty: "http://www.w3.org/2004/02/skos/core#definition",
  }
]
Unable to merge entities with colliding id https://mff-uk.github.io/specifications/dcat-dap#Geometry because they are of unsupported types. Falling back to the first one. [
  {
    iri: "https://mff-uk.github.io/specifications/dcat-dap#Geometry",
    tags: [ "https://w3id.org/dsv/class-role#supportive" ],
    id: "https://mff-uk.github.io/specifications/dcat-dap#Geometry",
    type: [ "class-profile" ],
    profiling: [ "http://www.w3.org/ns/locn#Geometry" ],
    usageNote: {},
    usageNoteFromProfiled: null,
    externalDocumentationUrl: null,
    name: {},
    nameFromProfiled: "http://www.w3.org/ns/locn#Geometry",
    nameProperty: "http://www.w3.org/2004/02/skos/core#prefLabel",
    description: {},
    descriptionFromProfiled: "http://www.w3.org/ns/locn#Geometry",
    descriptionProperty: "http://www.w3.org/2004/02/skos/core#definition",
    order: null,
    controlledVocabularies: [],
  }, {
    iri: "https://mff-uk.github.io/specifications/dcat-dap#Geometry",
    tags: [ "https://w3id.org/dsv/class-role#supportive" ],
    id: "https://mff-uk.github.io/specifications/dcat-dap#Geometry",
    type: [ "class-profile" ],
    profiling: [ "http://www.w3.org/ns/locn#Geometry" ],
    usageNote: {},
    usageNoteFromProfiled: null,
    externalDocumentationUrl: null,
    name: {},
    nameFromProfiled: "http://www.w3.org/ns/locn#Geometry",
    nameProperty: "http://www.w3.org/2004/02/skos/core#prefLabel",
    description: {},
    descriptionFromProfiled: "http://www.w3.org/ns/locn#Geometry",
    descriptionProperty: "http://www.w3.org/2004/02/skos/core#definition",
  }
]
Unable to merge entities with colliding id https://mff-uk.github.io/specifications/dcat-dap#Checksum because they are of unsupported types. Falling back to the first one. [
  {
    iri: "https://mff-uk.github.io/specifications/dcat-dap#Checksum",
    tags: [ "https://w3id.org/dsv/class-role#main" ],
    id: "https://mff-uk.github.io/specifications/dcat-dap#Checksum",
    type: [ "class-profile" ],
    profiling: [ "http://spdx.org/rdf/terms#Checksum" ],
    usageNote: {
      en: "The Checksum includes the algorithm (spdx:algorithm) and value (spdx:checksumValue) that allows the integrity of a file to be verified to ensure no errors occurred in transmission or storage.",
    },
    usageNoteFromProfiled: null,
    externalDocumentationUrl: "https://www.w3.org/TR/vocab-dcat-3/#Class:Checksum",
    name: {
      en: "Checksum",
    },
    nameFromProfiled: null,
    nameProperty: null,
    description: {},
    descriptionFromProfiled: "http://spdx.org/rdf/terms#Checksum",
    descriptionProperty: "http://www.w3.org/2004/02/skos/core#definition",
    order: null,
    controlledVocabularies: [],
  }, {
    iri: "https://mff-uk.github.io/specifications/dcat-dap#Checksum",
    tags: [ "https://w3id.org/dsv/class-role#main" ],
    id: "https://mff-uk.github.io/specifications/dcat-dap#Checksum",
    type: [ "class-profile" ],
    profiling: [ "http://spdx.org/rdf/terms#Checksum" ],
    usageNote: {
      en: "The Checksum includes the algorithm (spdx:algorithm) and value (spdx:checksumValue) that allows the integrity of a file to be verified to ensure no errors occurred in transmission or storage.",
    },
    usageNoteFromProfiled: null,
    externalDocumentationUrl: "https://www.w3.org/TR/vocab-dcat-3/#Class:Checksum",
    name: {
      en: "Checksum",
    },
    nameFromProfiled: null,
    nameProperty: null,
    description: {},
    descriptionFromProfiled: "http://spdx.org/rdf/terms#Checksum",
    descriptionProperty: "http://www.w3.org/2004/02/skos/core#definition",
  }
]
Unable to merge entities with colliding id https://mff-uk.github.io/specifications/dcat-dap#ChecksumAlgorithm because they are of unsupported types. Falling back to the first one. [
  {
    iri: "https://mff-uk.github.io/specifications/dcat-dap#ChecksumAlgorithm",
    tags: [ "https://w3id.org/dsv/class-role#supportive" ],
    id: "https://mff-uk.github.io/specifications/dcat-dap#ChecksumAlgorithm",
    type: [ "class-profile" ],
    profiling: [ "http://spdx.org/rdf/terms#ChecksumAlgorithm" ],
    usageNote: {},
    usageNoteFromProfiled: null,
    externalDocumentationUrl: null,
    name: {
      en: "Checksum Algorithm",
    },
    nameFromProfiled: null,
    nameProperty: null,
    description: {},
    descriptionFromProfiled: "http://spdx.org/rdf/terms#ChecksumAlgorithm",
    descriptionProperty: "http://www.w3.org/2004/02/skos/core#definition",
    order: null,
    controlledVocabularies: [],
  }, {
    iri: "https://mff-uk.github.io/specifications/dcat-dap#ChecksumAlgorithm",
    tags: [ "https://w3id.org/dsv/class-role#supportive" ],
    id: "https://mff-uk.github.io/specifications/dcat-dap#ChecksumAlgorithm",
    type: [ "class-profile" ],
    profiling: [ "http://spdx.org/rdf/terms#ChecksumAlgorithm" ],
    usageNote: {},
    usageNoteFromProfiled: null,
    externalDocumentationUrl: null,
    name: {
      en: "Checksum Algorithm",
    },
    nameFromProfiled: null,
    nameProperty: null,
    description: {},
    descriptionFromProfiled: "http://spdx.org/rdf/terms#ChecksumAlgorithm",
    descriptionProperty: "http://www.w3.org/2004/02/skos/core#definition",
  }
]
Unable to merge entities with colliding id https://mff-uk.github.io/specifications/dcat-ap#Catalogue because they are of unsupported types. Falling back to the first one. [
  {
    iri: "https://mff-uk.github.io/specifications/dcat-ap#Catalogue",
    tags: [ "https://w3id.org/dsv/class-role#main" ],
    id: "https://mff-uk.github.io/specifications/dcat-ap#Catalogue",
    type: [ "class-profile" ],
    profiling: [ "https://mff-uk.github.io/specifications/dcat-dap#Catalog" ],
    usageNote: {},
    usageNoteFromProfiled: "https://mff-uk.github.io/specifications/dcat-dap#Catalog",
    externalDocumentationUrl: "https://semiceu.github.io/DCAT-AP/releases/3.0.1/#Catalogue",
    name: {
      en: "Catalogue",
      it: "Catalogo",
      fr: "Catalogue",
      es: "Catálogo",
      cs: "Katalog",
      el: "Κατάλογος",
      ar: "فهرس قوائم البيانات",
      ja: "カタログ",
      da: "Katalog",
    },
    nameFromProfiled: null,
    nameProperty: null,
    description: {
      en: "A catalogue or repository that hosts the Datasets or Data Services being described.",
      es: "Una colección curada de metadatos sobre recursos (por ejemplo, conjuntos de datos y servicios de datos en el contexto de un catálogo de datos).",
      it: "Una raccolta curata di metadati sulle risorse (ad es. sui dataset e relativi servizi nel contesto di cataloghi di dati).",
      fr: "Une collection élaborée de métadonnées sur les jeux de données",
      cs: "Řízená kolekce metadat o datových sadách a datových službách",
      el: "Μια επιμελημένη συλλογή μεταδεδομένων περί συνόλων δεδομένων",
      ar: "مجموعة من توصيفات قوائم البيانات",
      ja: "データ・カタログは、データセットに関するキュレートされたメタデータの集合です。",
      da: "En udvalgt og arrangeret samling af metadata om ressourcer (fx datasæt og datatjenester i kontekst af et datakatalog). ",
    },
    descriptionFromProfiled: null,
    descriptionProperty: null,
    order: null,
    controlledVocabularies: [],
  }, {
    iri: "https://mff-uk.github.io/specifications/dcat-ap#Catalogue",
    tags: [ "https://w3id.org/dsv/class-role#main" ],
    id: "https://mff-uk.github.io/specifications/dcat-ap#Catalogue",
    type: [ "class-profile" ],
    profiling: [ "https://mff-uk.github.io/specifications/dcat-dap#Catalog" ],
    usageNote: {},
    usageNoteFromProfiled: "https://mff-uk.github.io/specifications/dcat-dap#Catalog",
    externalDocumentationUrl: "https://semiceu.github.io/DCAT-AP/releases/3.0.1/#Catalogue",
    name: {
      en: "Catalogue",
      it: "Catalogo",
      fr: "Catalogue",
      es: "Catálogo",
      cs: "Katalog",
      el: "Κατάλογος",
      ar: "فهرس قوائم البيانات",
      ja: "カタログ",
      da: "Katalog",
    },
    nameFromProfiled: null,
    nameProperty: null,
    description: {
      en: "A catalogue or repository that hosts the Datasets or Data Services being described.",
      es: "Una colección curada de metadatos sobre recursos (por ejemplo, conjuntos de datos y servicios de datos en el contexto de un catálogo de datos).",
      it: "Una raccolta curata di metadati sulle risorse (ad es. sui dataset e relativi servizi nel contesto di cataloghi di dati).",
      fr: "Une collection élaborée de métadonnées sur les jeux de données",
      cs: "Řízená kolekce metadat o datových sadách a datových službách",
      el: "Μια επιμελημένη συλλογή μεταδεδομένων περί συνόλων δεδομένων",
      ar: "مجموعة من توصيفات قوائم البيانات",
      ja: "データ・カタログは、データセットに関するキュレートされたメタデータの集合です。",
      da: "En udvalgt og arrangeret samling af metadata om ressourcer (fx datasæt og datatjenester i kontekst af et datakatalog). ",
    },
    descriptionFromProfiled: null,
    descriptionProperty: null,
  }
]
Unable to merge entities with colliding id https://mff-uk.github.io/specifications/dcat-ap#CatalogueRecord because they are of unsupported types. Falling back to the first one. [
  {
    iri: "https://mff-uk.github.io/specifications/dcat-ap#CatalogueRecord",
    tags: [ "https://w3id.org/dsv/class-role#main" ],
    id: "https://mff-uk.github.io/specifications/dcat-ap#CatalogueRecord",
    type: [ "class-profile" ],
    profiling: [ "https://mff-uk.github.io/specifications/dcat-dap#CatalogRecord" ],
    usageNote: {},
    usageNoteFromProfiled: "https://mff-uk.github.io/specifications/dcat-dap#CatalogRecord",
    externalDocumentationUrl: "https://semiceu.github.io/DCAT-AP/releases/3.0.1/#CatalogueRecord",
    name: {
      en: "Catalogue Record",
      cs: "Katalogizační záznam",
      it: "Record di catalogo",
      fr: "Registre du catalogue",
      es: "Registro del catálogo",
      el: "Καταγραφή καταλόγου",
      ar: "سجل",
      ja: "カタログ・レコード",
      da: "Katalogpost",
    },
    nameFromProfiled: null,
    nameProperty: null,
    description: {},
    descriptionFromProfiled: "https://mff-uk.github.io/specifications/dcat-dap#CatalogRecord",
    descriptionProperty: "http://www.w3.org/2004/02/skos/core#definition",
    order: null,
    controlledVocabularies: [],
  }, {
    iri: "https://mff-uk.github.io/specifications/dcat-ap#CatalogueRecord",
    tags: [ "https://w3id.org/dsv/class-role#main" ],
    id: "https://mff-uk.github.io/specifications/dcat-ap#CatalogueRecord",
    type: [ "class-profile" ],
    profiling: [ "https://mff-uk.github.io/specifications/dcat-dap#CatalogRecord" ],
    usageNote: {},
    usageNoteFromProfiled: "https://mff-uk.github.io/specifications/dcat-dap#CatalogRecord",
    externalDocumentationUrl: "https://semiceu.github.io/DCAT-AP/releases/3.0.1/#CatalogueRecord",
    name: {
      en: "Catalogue Record",
      cs: "Katalogizační záznam",
      it: "Record di catalogo",
      fr: "Registre du catalogue",
      es: "Registro del catálogo",
      el: "Καταγραφή καταλόγου",
      ar: "سجل",
      ja: "カタログ・レコード",
      da: "Katalogpost",
    },
    nameFromProfiled: null,
    nameProperty: null,
    description: {},
    descriptionFromProfiled: "https://mff-uk.github.io/specifications/dcat-dap#CatalogRecord",
    descriptionProperty: "http://www.w3.org/2004/02/skos/core#definition",
  }
]
Unable to merge entities with colliding id https://mff-uk.github.io/specifications/dcat-ap#DataService because they are of unsupported types. Falling back to the first one. [
  {
    iri: "https://mff-uk.github.io/specifications/dcat-ap#DataService",
    tags: [ "https://w3id.org/dsv/class-role#main" ],
    id: "https://mff-uk.github.io/specifications/dcat-ap#DataService",
    type: [ "class-profile" ],
    profiling: [ "https://mff-uk.github.io/specifications/dcat-dap#DataService" ],
    usageNote: {},
    usageNoteFromProfiled: "https://mff-uk.github.io/specifications/dcat-dap#DataService",
    externalDocumentationUrl: "https://semiceu.github.io/DCAT-AP/releases/3.0.1/#DataService",
    name: {},
    nameFromProfiled: "https://mff-uk.github.io/specifications/dcat-dap#DataService",
    nameProperty: "http://www.w3.org/2004/02/skos/core#prefLabel",
    description: {},
    descriptionFromProfiled: "https://mff-uk.github.io/specifications/dcat-dap#DataService",
    descriptionProperty: "http://www.w3.org/2004/02/skos/core#definition",
    order: null,
    controlledVocabularies: [],
  }, {
    iri: "https://mff-uk.github.io/specifications/dcat-ap#DataService",
    tags: [ "https://w3id.org/dsv/class-role#main" ],
    id: "https://mff-uk.github.io/specifications/dcat-ap#DataService",
    type: [ "class-profile" ],
    profiling: [ "https://mff-uk.github.io/specifications/dcat-dap#DataService" ],
    usageNote: {},
    usageNoteFromProfiled: "https://mff-uk.github.io/specifications/dcat-dap#DataService",
    externalDocumentationUrl: "https://semiceu.github.io/DCAT-AP/releases/3.0.1/#DataService",
    name: {},
    nameFromProfiled: "https://mff-uk.github.io/specifications/dcat-dap#DataService",
    nameProperty: "http://www.w3.org/2004/02/skos/core#prefLabel",
    description: {},
    descriptionFromProfiled: "https://mff-uk.github.io/specifications/dcat-dap#DataService",
    descriptionProperty: "http://www.w3.org/2004/02/skos/core#definition",
  }
]
Unable to merge entities with colliding id https://mff-uk.github.io/specifications/dcat-ap#Dataset because they are of unsupported types. Falling back to the first one. [
  {
    iri: "https://mff-uk.github.io/specifications/dcat-ap#Dataset",
    tags: [ "https://w3id.org/dsv/class-role#main" ],
    id: "https://mff-uk.github.io/specifications/dcat-ap#Dataset",
    type: [ "class-profile" ],
    profiling: [ "https://mff-uk.github.io/specifications/dcat-dap#Dataset" ],
    usageNote: {
      en: "If a Dataset is used as part of a Dataset Series, the usage of the properties listed below must be coherent with the associated Dataset Series. For this usage, consult the guidelines in section 14. General usage guidelines.",
    },
    usageNoteFromProfiled: null,
    externalDocumentationUrl: "https://semiceu.github.io/DCAT-AP/releases/3.0.1/#Dataset",
    name: {},
    nameFromProfiled: "https://mff-uk.github.io/specifications/dcat-dap#Dataset",
    nameProperty: "http://www.w3.org/2004/02/skos/core#prefLabel",
    description: {
      ja: "1つのエージェントによって公開またはキュレートされ、1つ以上の形式でアクセスまたはダウンロードできるデータの集合。",
      en: "A conceptual entity that represents the information published.",
      cs: "Kolekce dat poskytovaná či řízená jedním zdrojem, která je k dispozici pro přístup či stažení v jednom či více formátech.",
      it: "Raccolta di dati, pubblicati o curati da un'unica fonte, disponibili per l'accesso o il download in uno o più formati.",
      es: "Una colección de datos, publicados o conservados por una única fuente, y disponibles para ser accedidos o descargados en uno o más formatos.",
      fr: "Une collection de données, publiée ou élaborée par une seule source, et disponible pour accès ou téléchargement dans un ou plusieurs formats.",
      el: "Μία συλλογή από δεδομένα, δημοσιευμένη ή επιμελημένη από μία και μόνο πηγή, διαθέσιμη δε προς πρόσβαση ή μεταφόρτωση σε μία ή περισσότερες μορφές.",
      ar: "قائمة بيانات منشورة أو مجموعة من قبل مصدر ما و متاح الوصول إليها أو تحميلها",
      da: "En samling af data, udgivet eller udvalgt og arrangeret af en enkelt kilde og som er til råde for adgang til eller download af i en eller flere repræsentationer.",
    },
    descriptionFromProfiled: null,
    descriptionProperty: null,
    order: null,
    controlledVocabularies: [],
  }, {
    iri: "https://mff-uk.github.io/specifications/dcat-ap#Dataset",
    tags: [ "https://w3id.org/dsv/class-role#main" ],
    id: "https://mff-uk.github.io/specifications/dcat-ap#Dataset",
    type: [ "class-profile" ],
    profiling: [ "https://mff-uk.github.io/specifications/dcat-dap#Dataset" ],
    usageNote: {
      en: "If a Dataset is used as part of a Dataset Series, the usage of the properties listed below must be coherent with the associated Dataset Series. For this usage, consult the guidelines in section 14. General usage guidelines.",
    },
    usageNoteFromProfiled: null,
    externalDocumentationUrl: "https://semiceu.github.io/DCAT-AP/releases/3.0.1/#Dataset",
    name: {},
    nameFromProfiled: "https://mff-uk.github.io/specifications/dcat-dap#Dataset",
    nameProperty: "http://www.w3.org/2004/02/skos/core#prefLabel",
    description: {
      ja: "1つのエージェントによって公開またはキュレートされ、1つ以上の形式でアクセスまたはダウンロードできるデータの集合。",
      en: "A conceptual entity that represents the information published.",
      cs: "Kolekce dat poskytovaná či řízená jedním zdrojem, která je k dispozici pro přístup či stažení v jednom či více formátech.",
      it: "Raccolta di dati, pubblicati o curati da un'unica fonte, disponibili per l'accesso o il download in uno o più formati.",
      es: "Una colección de datos, publicados o conservados por una única fuente, y disponibles para ser accedidos o descargados en uno o más formatos.",
      fr: "Une collection de données, publiée ou élaborée par une seule source, et disponible pour accès ou téléchargement dans un ou plusieurs formats.",
      el: "Μία συλλογή από δεδομένα, δημοσιευμένη ή επιμελημένη από μία και μόνο πηγή, διαθέσιμη δε προς πρόσβαση ή μεταφόρτωση σε μία ή περισσότερες μορφές.",
      ar: "قائمة بيانات منشورة أو مجموعة من قبل مصدر ما و متاح الوصول إليها أو تحميلها",
      da: "En samling af data, udgivet eller udvalgt og arrangeret af en enkelt kilde og som er til råde for adgang til eller download af i en eller flere repræsentationer.",
    },
    descriptionFromProfiled: null,
    descriptionProperty: null,
  }
]
Unable to merge entities with colliding id https://mff-uk.github.io/specifications/dcat-ap#DatasetSeries because they are of unsupported types. Falling back to the first one. [
  {
    iri: "https://mff-uk.github.io/specifications/dcat-ap#DatasetSeries",
    tags: [ "https://w3id.org/dsv/class-role#main" ],
    id: "https://mff-uk.github.io/specifications/dcat-ap#DatasetSeries",
    type: [ "class-profile" ],
    profiling: [ "https://mff-uk.github.io/specifications/dcat-dap#DatasetSeries" ],
    usageNote: {
      en: "It is recommended to avoid Dataset Series without a dataset in the collection. Therefore at least one Dataset should refer to a Dataset Series using the property in series (dcat:inSeries).",
    },
    usageNoteFromProfiled: null,
    externalDocumentationUrl: "https://semiceu.github.io/DCAT-AP/releases/3.0.1/#DatasetSeries",
    name: {},
    nameFromProfiled: "https://mff-uk.github.io/specifications/dcat-dap#DatasetSeries",
    nameProperty: "http://www.w3.org/2004/02/skos/core#prefLabel",
    description: {},
    descriptionFromProfiled: "https://mff-uk.github.io/specifications/dcat-dap#DatasetSeries",
    descriptionProperty: "http://www.w3.org/2004/02/skos/core#definition",
    order: null,
    controlledVocabularies: [],
  }, {
    iri: "https://mff-uk.github.io/specifications/dcat-ap#DatasetSeries",
    tags: [ "https://w3id.org/dsv/class-role#main" ],
    id: "https://mff-uk.github.io/specifications/dcat-ap#DatasetSeries",
    type: [ "class-profile" ],
    profiling: [ "https://mff-uk.github.io/specifications/dcat-dap#DatasetSeries" ],
    usageNote: {
      en: "It is recommended to avoid Dataset Series without a dataset in the collection. Therefore at least one Dataset should refer to a Dataset Series using the property in series (dcat:inSeries).",
    },
    usageNoteFromProfiled: null,
    externalDocumentationUrl: "https://semiceu.github.io/DCAT-AP/releases/3.0.1/#DatasetSeries",
    name: {},
    nameFromProfiled: "https://mff-uk.github.io/specifications/dcat-dap#DatasetSeries",
    nameProperty: "http://www.w3.org/2004/02/skos/core#prefLabel",
    description: {},
    descriptionFromProfiled: "https://mff-uk.github.io/specifications/dcat-dap#DatasetSeries",
    descriptionProperty: "http://www.w3.org/2004/02/skos/core#definition",
  }
]
Unable to merge entities with colliding id https://mff-uk.github.io/specifications/dcat-ap#Distribution because they are of unsupported types. Falling back to the first one. [
  {
    iri: "https://mff-uk.github.io/specifications/dcat-ap#Distribution",
    tags: [ "https://w3id.org/dsv/class-role#main" ],
    id: "https://mff-uk.github.io/specifications/dcat-ap#Distribution",
    type: [ "class-profile" ],
    profiling: [ "https://mff-uk.github.io/specifications/dcat-dap#Distribution" ],
    usageNote: {},
    usageNoteFromProfiled: "https://mff-uk.github.io/specifications/dcat-dap#Distribution",
    externalDocumentationUrl: "https://semiceu.github.io/DCAT-AP/releases/3.0.1/#Distribution",
    name: {},
    nameFromProfiled: "https://mff-uk.github.io/specifications/dcat-dap#Distribution",
    nameProperty: "http://www.w3.org/2004/02/skos/core#prefLabel",
    description: {},
    descriptionFromProfiled: "https://mff-uk.github.io/specifications/dcat-dap#Distribution",
    descriptionProperty: "http://www.w3.org/2004/02/skos/core#definition",
    order: null,
    controlledVocabularies: [],
  }, {
    iri: "https://mff-uk.github.io/specifications/dcat-ap#Distribution",
    tags: [ "https://w3id.org/dsv/class-role#main" ],
    id: "https://mff-uk.github.io/specifications/dcat-ap#Distribution",
    type: [ "class-profile" ],
    profiling: [ "https://mff-uk.github.io/specifications/dcat-dap#Distribution" ],
    usageNote: {},
    usageNoteFromProfiled: "https://mff-uk.github.io/specifications/dcat-dap#Distribution",
    externalDocumentationUrl: "https://semiceu.github.io/DCAT-AP/releases/3.0.1/#Distribution",
    name: {},
    nameFromProfiled: "https://mff-uk.github.io/specifications/dcat-dap#Distribution",
    nameProperty: "http://www.w3.org/2004/02/skos/core#prefLabel",
    description: {},
    descriptionFromProfiled: "https://mff-uk.github.io/specifications/dcat-dap#Distribution",
    descriptionProperty: "http://www.w3.org/2004/02/skos/core#definition",
  }
]
Unable to merge entities with colliding id https://mff-uk.github.io/specifications/dcat-ap#Relationship because they are of unsupported types. Falling back to the first one. [
  {
    iri: "https://mff-uk.github.io/specifications/dcat-ap#Relationship",
    tags: [ "https://w3id.org/dsv/class-role#main" ],
    id: "https://mff-uk.github.io/specifications/dcat-ap#Relationship",
    type: [ "class-profile" ],
    profiling: [ "https://mff-uk.github.io/specifications/dcat-dap#Relationship" ],
    usageNote: {},
    usageNoteFromProfiled: "https://mff-uk.github.io/specifications/dcat-dap#Relationship",
    externalDocumentationUrl: "https://semiceu.github.io/DCAT-AP/releases/3.0.1/#Relationship",
    name: {},
    nameFromProfiled: "https://mff-uk.github.io/specifications/dcat-dap#Relationship",
    nameProperty: "http://www.w3.org/2004/02/skos/core#prefLabel",
    description: {},
    descriptionFromProfiled: "https://mff-uk.github.io/specifications/dcat-dap#Relationship",
    descriptionProperty: "http://www.w3.org/2004/02/skos/core#definition",
    order: null,
    controlledVocabularies: [],
  }, {
    iri: "https://mff-uk.github.io/specifications/dcat-ap#Relationship",
    tags: [ "https://w3id.org/dsv/class-role#main" ],
    id: "https://mff-uk.github.io/specifications/dcat-ap#Relationship",
    type: [ "class-profile" ],
    profiling: [ "https://mff-uk.github.io/specifications/dcat-dap#Relationship" ],
    usageNote: {},
    usageNoteFromProfiled: "https://mff-uk.github.io/specifications/dcat-dap#Relationship",
    externalDocumentationUrl: "https://semiceu.github.io/DCAT-AP/releases/3.0.1/#Relationship",
    name: {},
    nameFromProfiled: "https://mff-uk.github.io/specifications/dcat-dap#Relationship",
    nameProperty: "http://www.w3.org/2004/02/skos/core#prefLabel",
    description: {},
    descriptionFromProfiled: "https://mff-uk.github.io/specifications/dcat-dap#Relationship",
    descriptionProperty: "http://www.w3.org/2004/02/skos/core#definition",
  }
]
Unable to merge entities with colliding id https://mff-uk.github.io/specifications/dcat-ap#CataloguedResource because they are of unsupported types. Falling back to the first one. [
  {
    iri: "https://mff-uk.github.io/specifications/dcat-ap#CataloguedResource",
    tags: [ "https://w3id.org/dsv/class-role#main" ],
    id: "https://mff-uk.github.io/specifications/dcat-ap#CataloguedResource",
    type: [ "class-profile" ],
    profiling: [ "https://mff-uk.github.io/specifications/dcat-dap#CatalogedResource" ],
    usageNote: {
      en: "This class Catalogued Resource is an abstract class for DCAT-AP. Therefore only subclasses should be used in a data exchange.",
    },
    usageNoteFromProfiled: null,
    externalDocumentationUrl: "https://semiceu.github.io/DCAT-AP/releases/3.0.1/#CataloguedResource",
    name: {
      en: "Catalogued Resource",
      cs: "Katalogizovaný zdroj",
      es: "Recurso catalogado",
      it: "Risorsa catalogata",
      da: "Katalogiseret ressource",
    },
    nameFromProfiled: null,
    nameProperty: null,
    description: {},
    descriptionFromProfiled: "https://mff-uk.github.io/specifications/dcat-dap#CatalogedResource",
    descriptionProperty: "http://www.w3.org/2004/02/skos/core#definition",
    order: null,
    controlledVocabularies: [],
  }, {
    iri: "https://mff-uk.github.io/specifications/dcat-ap#CataloguedResource",
    tags: [ "https://w3id.org/dsv/class-role#main" ],
    id: "https://mff-uk.github.io/specifications/dcat-ap#CataloguedResource",
    type: [ "class-profile" ],
    profiling: [ "https://mff-uk.github.io/specifications/dcat-dap#CatalogedResource" ],
    usageNote: {
      en: "This class Catalogued Resource is an abstract class for DCAT-AP. Therefore only subclasses should be used in a data exchange.",
    },
    usageNoteFromProfiled: null,
    externalDocumentationUrl: "https://semiceu.github.io/DCAT-AP/releases/3.0.1/#CataloguedResource",
    name: {
      en: "Catalogued Resource",
      cs: "Katalogizovaný zdroj",
      es: "Recurso catalogado",
      it: "Risorsa catalogata",
      da: "Katalogiseret ressource",
    },
    nameFromProfiled: null,
    nameProperty: null,
    description: {},
    descriptionFromProfiled: "https://mff-uk.github.io/specifications/dcat-dap#CatalogedResource",
    descriptionProperty: "http://www.w3.org/2004/02/skos/core#definition",
  }
]
Unable to merge entities with colliding id https://mff-uk.github.io/specifications/dcat-ap#Role because they are of unsupported types. Falling back to the first one. [
  {
    iri: "https://mff-uk.github.io/specifications/dcat-ap#Role",
    tags: [ "https://w3id.org/dsv/class-role#supportive" ],
    id: "https://mff-uk.github.io/specifications/dcat-ap#Role",
    type: [ "class-profile" ],
    profiling: [ "https://mff-uk.github.io/specifications/dcat-dap#Role" ],
    usageNote: {},
    usageNoteFromProfiled: "https://mff-uk.github.io/specifications/dcat-dap#Role",
    externalDocumentationUrl: "https://semiceu.github.io/DCAT-AP/releases/3.0.1/#Role",
    name: {},
    nameFromProfiled: "https://mff-uk.github.io/specifications/dcat-dap#Role",
    nameProperty: "http://www.w3.org/2004/02/skos/core#prefLabel",
    description: {},
    descriptionFromProfiled: "https://mff-uk.github.io/specifications/dcat-dap#Role",
    descriptionProperty: "http://www.w3.org/2004/02/skos/core#definition",
    order: null,
    controlledVocabularies: [],
  }, {
    iri: "https://mff-uk.github.io/specifications/dcat-ap#Role",
    tags: [ "https://w3id.org/dsv/class-role#supportive" ],
    id: "https://mff-uk.github.io/specifications/dcat-ap#Role",
    type: [ "class-profile" ],
    profiling: [ "https://mff-uk.github.io/specifications/dcat-dap#Role" ],
    usageNote: {},
    usageNoteFromProfiled: "https://mff-uk.github.io/specifications/dcat-dap#Role",
    externalDocumentationUrl: "https://semiceu.github.io/DCAT-AP/releases/3.0.1/#Role",
    name: {},
    nameFromProfiled: "https://mff-uk.github.io/specifications/dcat-dap#Role",
    nameProperty: "http://www.w3.org/2004/02/skos/core#prefLabel",
    description: {},
    descriptionFromProfiled: "https://mff-uk.github.io/specifications/dcat-dap#Role",
    descriptionProperty: "http://www.w3.org/2004/02/skos/core#definition",
  }
]
Unable to merge entities with colliding id https://mff-uk.github.io/specifications/dcat-ap#Agent because they are of unsupported types. Falling back to the first one. [
  {
    iri: "https://mff-uk.github.io/specifications/dcat-ap#Agent",
    tags: [ "https://w3id.org/dsv/class-role#main" ],
    id: "https://mff-uk.github.io/specifications/dcat-ap#Agent",
    type: [ "class-profile" ],
    profiling: [ "https://mff-uk.github.io/specifications/dcat-dap#Agent" ],
    usageNote: {
      en: "If the Agent is an organisation, the use of the Organization Ontology is recommended.",
    },
    usageNoteFromProfiled: null,
    externalDocumentationUrl: "https://semiceu.github.io/DCAT-AP/releases/3.0.1/#Agent",
    name: {},
    nameFromProfiled: "https://mff-uk.github.io/specifications/dcat-dap#Agent",
    nameProperty: "http://www.w3.org/2004/02/skos/core#prefLabel",
    description: {
      en: "Any entity carrying out actions with respect to the entities Catalogue and the Catalogued Resources.",
    },
    descriptionFromProfiled: null,
    descriptionProperty: null,
    order: null,
    controlledVocabularies: [],
  }, {
    iri: "https://mff-uk.github.io/specifications/dcat-ap#Agent",
    tags: [ "https://w3id.org/dsv/class-role#main" ],
    id: "https://mff-uk.github.io/specifications/dcat-ap#Agent",
    type: [ "class-profile" ],
    profiling: [ "https://mff-uk.github.io/specifications/dcat-dap#Agent" ],
    usageNote: {
      en: "If the Agent is an organisation, the use of the Organization Ontology is recommended.",
    },
    usageNoteFromProfiled: null,
    externalDocumentationUrl: "https://semiceu.github.io/DCAT-AP/releases/3.0.1/#Agent",
    name: {},
    nameFromProfiled: "https://mff-uk.github.io/specifications/dcat-dap#Agent",
    nameProperty: "http://www.w3.org/2004/02/skos/core#prefLabel",
    description: {
      en: "Any entity carrying out actions with respect to the entities Catalogue and the Catalogued Resources.",
    },
    descriptionFromProfiled: null,
    descriptionProperty: null,
  }
]
Unable to merge entities with colliding id https://mff-uk.github.io/specifications/dcat-ap#Concept because they are of unsupported types. Falling back to the first one. [
  {
    iri: "https://mff-uk.github.io/specifications/dcat-ap#Concept",
    tags: [ "https://w3id.org/dsv/class-role#supportive" ],
    id: "https://mff-uk.github.io/specifications/dcat-ap#Concept",
    type: [ "class-profile" ],
    profiling: [ "http://www.w3.org/2004/02/skos/core#Concept" ],
    usageNote: {
      en: "In DCAT-AP, a Concept is used to denote codes within a codelist. In section 10. Controlled Vocabularies the expectations are elaborated in more detail.",
    },
    usageNoteFromProfiled: null,
    externalDocumentationUrl: "https://semiceu.github.io/DCAT-AP/releases/3.0.1/#Concept",
    name: {
      en: "Concept",
    },
    nameFromProfiled: null,
    nameProperty: null,
    description: {
      en: "An idea or notion; a unit of thought.",
    },
    descriptionFromProfiled: null,
    descriptionProperty: null,
    order: null,
    controlledVocabularies: [],
  }, {
    iri: "https://mff-uk.github.io/specifications/dcat-ap#Concept",
    tags: [ "https://w3id.org/dsv/class-role#supportive" ],
    id: "https://mff-uk.github.io/specifications/dcat-ap#Concept",
    type: [ "class-profile" ],
    profiling: [ "http://www.w3.org/2004/02/skos/core#Concept" ],
    usageNote: {
      en: "In DCAT-AP, a Concept is used to denote codes within a codelist. In section 10. Controlled Vocabularies the expectations are elaborated in more detail.",
    },
    usageNoteFromProfiled: null,
    externalDocumentationUrl: "https://semiceu.github.io/DCAT-AP/releases/3.0.1/#Concept",
    name: {
      en: "Concept",
    },
    nameFromProfiled: null,
    nameProperty: null,
    description: {
      en: "An idea or notion; a unit of thought.",
    },
    descriptionFromProfiled: null,
    descriptionProperty: null,
  }
]
Unable to merge entities with colliding id https://mff-uk.github.io/specifications/dcat-ap#LegalResource because they are of unsupported types. Falling back to the first one. [
  {
    iri: "https://mff-uk.github.io/specifications/dcat-ap#LegalResource",
    tags: [ "https://w3id.org/dsv/class-role#supportive" ],
    id: "https://mff-uk.github.io/specifications/dcat-ap#LegalResource",
    type: [ "class-profile" ],
    profiling: [ "http://data.europa.eu/eli/ontology#LegalResource" ],
    usageNote: {
      en: "The definition and properties of the Legal Resource class are aligned with the ontology included in \"Council conclusions inviting the introduction of the European Legislation Identifier (ELI)\". For describing the attributes of a Legal Resource (labels, preferred labels, alternative labels, definition, etc.) we refer to the (ELI) ontology. In this data specification the use is restricted to instances of this class that follow the (ELI) URI guidelines.",
    },
    usageNoteFromProfiled: null,
    externalDocumentationUrl: "https://semiceu.github.io/DCAT-AP/releases/3.0.1/#LegalResource",
    name: {},
    nameFromProfiled: "http://data.europa.eu/eli/ontology#LegalResource",
    nameProperty: "http://www.w3.org/2004/02/skos/core#prefLabel",
    description: {
      en: "This class represents the legislation,policy or policies that lie behind the Rules that govern the service.",
    },
    descriptionFromProfiled: null,
    descriptionProperty: null,
    order: null,
    controlledVocabularies: [],
  }, {
    iri: "https://mff-uk.github.io/specifications/dcat-ap#LegalResource",
    tags: [ "https://w3id.org/dsv/class-role#supportive" ],
    id: "https://mff-uk.github.io/specifications/dcat-ap#LegalResource",
    type: [ "class-profile" ],
    profiling: [ "http://data.europa.eu/eli/ontology#LegalResource" ],
    usageNote: {
      en: "The definition and properties of the Legal Resource class are aligned with the ontology included in \"Council conclusions inviting the introduction of the European Legislation Identifier (ELI)\". For describing the attributes of a Legal Resource (labels, preferred labels, alternative labels, definition, etc.) we refer to the (ELI) ontology. In this data specification the use is restricted to instances of this class that follow the (ELI) URI guidelines.",
    },
    usageNoteFromProfiled: null,
    externalDocumentationUrl: "https://semiceu.github.io/DCAT-AP/releases/3.0.1/#LegalResource",
    name: {},
    nameFromProfiled: "http://data.europa.eu/eli/ontology#LegalResource",
    nameProperty: "http://www.w3.org/2004/02/skos/core#prefLabel",
    description: {
      en: "This class represents the legislation,policy or policies that lie behind the Rules that govern the service.",
    },
    descriptionFromProfiled: null,
    descriptionProperty: null,
  }
]
Unable to merge entities with colliding id https://mff-uk.github.io/specifications/dcat-ap#Location because they are of unsupported types. Falling back to the first one. [
  {
    iri: "https://mff-uk.github.io/specifications/dcat-ap#Location",
    tags: [ "https://w3id.org/dsv/class-role#main" ],
    id: "https://mff-uk.github.io/specifications/dcat-ap#Location",
    type: [ "class-profile" ],
    profiling: [ "https://mff-uk.github.io/specifications/dcat-dap#Location" ],
    usageNote: {
      en: "It can be represented using a controlled vocabulary or with geographic coordinates. In the latter case, the use of the Core Location Vocabulary is recommended, following the approach described in the GeoDCAT-AP specification.",
    },
    usageNoteFromProfiled: null,
    externalDocumentationUrl: "https://semiceu.github.io/DCAT-AP/releases/3.0.1/#Location",
    name: {},
    nameFromProfiled: "https://mff-uk.github.io/specifications/dcat-dap#Location",
    nameProperty: "http://www.w3.org/2004/02/skos/core#prefLabel",
    description: {},
    descriptionFromProfiled: "https://mff-uk.github.io/specifications/dcat-dap#Location",
    descriptionProperty: "http://www.w3.org/2004/02/skos/core#definition",
    order: null,
    controlledVocabularies: [],
  }, {
    iri: "https://mff-uk.github.io/specifications/dcat-ap#Location",
    tags: [ "https://w3id.org/dsv/class-role#main" ],
    id: "https://mff-uk.github.io/specifications/dcat-ap#Location",
    type: [ "class-profile" ],
    profiling: [ "https://mff-uk.github.io/specifications/dcat-dap#Location" ],
    usageNote: {
      en: "It can be represented using a controlled vocabulary or with geographic coordinates. In the latter case, the use of the Core Location Vocabulary is recommended, following the approach described in the GeoDCAT-AP specification.",
    },
    usageNoteFromProfiled: null,
    externalDocumentationUrl: "https://semiceu.github.io/DCAT-AP/releases/3.0.1/#Location",
    name: {},
    nameFromProfiled: "https://mff-uk.github.io/specifications/dcat-dap#Location",
    nameProperty: "http://www.w3.org/2004/02/skos/core#prefLabel",
    description: {},
    descriptionFromProfiled: "https://mff-uk.github.io/specifications/dcat-dap#Location",
    descriptionProperty: "http://www.w3.org/2004/02/skos/core#definition",
  }
]
Unable to merge entities with colliding id https://mff-uk.github.io/specifications/dcat-ap#Document because they are of unsupported types. Falling back to the first one. [
  {
    iri: "https://mff-uk.github.io/specifications/dcat-ap#Document",
    tags: [ "https://w3id.org/dsv/class-role#supportive" ],
    id: "https://mff-uk.github.io/specifications/dcat-ap#Document",
    type: [ "class-profile" ],
    profiling: [ "http://xmlns.com/foaf/0.1/Document" ],
    usageNote: {},
    usageNoteFromProfiled: null,
    externalDocumentationUrl: "https://semiceu.github.io/DCAT-AP/releases/3.0.1/#Document",
    name: {},
    nameFromProfiled: "http://xmlns.com/foaf/0.1/Document",
    nameProperty: "http://www.w3.org/2004/02/skos/core#prefLabel",
    description: {
      en: "A textual resource intended for human consumption that contains information, e.g. a web page about a Dataset.",
    },
    descriptionFromProfiled: null,
    descriptionProperty: null,
    order: null,
    controlledVocabularies: [],
  }, {
    iri: "https://mff-uk.github.io/specifications/dcat-ap#Document",
    tags: [ "https://w3id.org/dsv/class-role#supportive" ],
    id: "https://mff-uk.github.io/specifications/dcat-ap#Document",
    type: [ "class-profile" ],
    profiling: [ "http://xmlns.com/foaf/0.1/Document" ],
    usageNote: {},
    usageNoteFromProfiled: null,
    externalDocumentationUrl: "https://semiceu.github.io/DCAT-AP/releases/3.0.1/#Document",
    name: {},
    nameFromProfiled: "http://xmlns.com/foaf/0.1/Document",
    nameProperty: "http://www.w3.org/2004/02/skos/core#prefLabel",
    description: {
      en: "A textual resource intended for human consumption that contains information, e.g. a web page about a Dataset.",
    },
    descriptionFromProfiled: null,
    descriptionProperty: null,
  }
]
Unable to merge entities with colliding id https://mff-uk.github.io/specifications/dcat-ap#LinguisticSystem because they are of unsupported types. Falling back to the first one. [
  {
    iri: "https://mff-uk.github.io/specifications/dcat-ap#LinguisticSystem",
    tags: [ "https://w3id.org/dsv/class-role#supportive" ],
    id: "https://mff-uk.github.io/specifications/dcat-ap#LinguisticSystem",
    type: [ "class-profile" ],
    profiling: [ "https://mff-uk.github.io/specifications/dcat-dap#LinguisticSystem" ],
    usageNote: {},
    usageNoteFromProfiled: "https://mff-uk.github.io/specifications/dcat-dap#LinguisticSystem",
    externalDocumentationUrl: null,
    name: {},
    nameFromProfiled: "https://mff-uk.github.io/specifications/dcat-dap#LinguisticSystem",
    nameProperty: "http://www.w3.org/2004/02/skos/core#prefLabel",
    description: {
      en: "A system of signs, symbols, sounds, gestures, or rules used in communication, e.g. a language.",
    },
    descriptionFromProfiled: null,
    descriptionProperty: null,
    order: null,
    controlledVocabularies: [],
  }, {
    iri: "https://mff-uk.github.io/specifications/dcat-ap#LinguisticSystem",
    tags: [ "https://w3id.org/dsv/class-role#supportive" ],
    id: "https://mff-uk.github.io/specifications/dcat-ap#LinguisticSystem",
    type: [ "class-profile" ],
    profiling: [ "https://mff-uk.github.io/specifications/dcat-dap#LinguisticSystem" ],
    usageNote: {},
    usageNoteFromProfiled: "https://mff-uk.github.io/specifications/dcat-dap#LinguisticSystem",
    externalDocumentationUrl: null,
    name: {},
    nameFromProfiled: "https://mff-uk.github.io/specifications/dcat-dap#LinguisticSystem",
    nameProperty: "http://www.w3.org/2004/02/skos/core#prefLabel",
    description: {
      en: "A system of signs, symbols, sounds, gestures, or rules used in communication, e.g. a language.",
    },
    descriptionFromProfiled: null,
    descriptionProperty: null,
  }
]
Unable to merge entities with colliding id https://mff-uk.github.io/specifications/dcat-ap#LicenceDocument because they are of unsupported types. Falling back to the first one. [
  {
    iri: "https://mff-uk.github.io/specifications/dcat-ap#LicenceDocument",
    tags: [ "https://w3id.org/dsv/class-role#main" ],
    id: "https://mff-uk.github.io/specifications/dcat-ap#LicenceDocument",
    type: [ "class-profile" ],
    profiling: [ "https://mff-uk.github.io/specifications/dcat-dap#LicenseDocument" ],
    usageNote: {},
    usageNoteFromProfiled: "https://mff-uk.github.io/specifications/dcat-dap#LicenseDocument",
    externalDocumentationUrl: null,
    name: {
      en: "Licence Document",
    },
    nameFromProfiled: null,
    nameProperty: null,
    description: {},
    descriptionFromProfiled: "https://mff-uk.github.io/specifications/dcat-dap#LicenseDocument",
    descriptionProperty: "http://www.w3.org/2004/02/skos/core#definition",
    order: null,
    controlledVocabularies: [],
  }, {
    iri: "https://mff-uk.github.io/specifications/dcat-ap#LicenceDocument",
    tags: [ "https://w3id.org/dsv/class-role#main" ],
    id: "https://mff-uk.github.io/specifications/dcat-ap#LicenceDocument",
    type: [ "class-profile" ],
    profiling: [ "https://mff-uk.github.io/specifications/dcat-dap#LicenseDocument" ],
    usageNote: {},
    usageNoteFromProfiled: "https://mff-uk.github.io/specifications/dcat-dap#LicenseDocument",
    externalDocumentationUrl: null,
    name: {
      en: "Licence Document",
    },
    nameFromProfiled: null,
    nameProperty: null,
    description: {},
    descriptionFromProfiled: "https://mff-uk.github.io/specifications/dcat-dap#LicenseDocument",
    descriptionProperty: "http://www.w3.org/2004/02/skos/core#definition",
  }
]
Unable to merge entities with colliding id https://mff-uk.github.io/specifications/dcat-ap#RightsStatement because they are of unsupported types. Falling back to the first one. [
  {
    iri: "https://mff-uk.github.io/specifications/dcat-ap#RightsStatement",
    tags: [ "https://w3id.org/dsv/class-role#supportive" ],
    id: "https://mff-uk.github.io/specifications/dcat-ap#RightsStatement",
    type: [ "class-profile" ],
    profiling: [ "https://mff-uk.github.io/specifications/dcat-dap#RightsStatement" ],
    usageNote: {},
    usageNoteFromProfiled: "https://mff-uk.github.io/specifications/dcat-dap#RightsStatement",
    externalDocumentationUrl: "https://semiceu.github.io/DCAT-AP/releases/3.0.1/#Rightsstatement",
    name: {},
    nameFromProfiled: "https://mff-uk.github.io/specifications/dcat-dap#RightsStatement",
    nameProperty: "http://www.w3.org/2004/02/skos/core#prefLabel",
    description: {},
    descriptionFromProfiled: "https://mff-uk.github.io/specifications/dcat-dap#RightsStatement",
    descriptionProperty: "http://www.w3.org/2004/02/skos/core#definition",
    order: null,
    controlledVocabularies: [],
  }, {
    iri: "https://mff-uk.github.io/specifications/dcat-ap#RightsStatement",
    tags: [ "https://w3id.org/dsv/class-role#supportive" ],
    id: "https://mff-uk.github.io/specifications/dcat-ap#RightsStatement",
    type: [ "class-profile" ],
    profiling: [ "https://mff-uk.github.io/specifications/dcat-dap#RightsStatement" ],
    usageNote: {},
    usageNoteFromProfiled: "https://mff-uk.github.io/specifications/dcat-dap#RightsStatement",
    externalDocumentationUrl: "https://semiceu.github.io/DCAT-AP/releases/3.0.1/#Rightsstatement",
    name: {},
    nameFromProfiled: "https://mff-uk.github.io/specifications/dcat-dap#RightsStatement",
    nameProperty: "http://www.w3.org/2004/02/skos/core#prefLabel",
    description: {},
    descriptionFromProfiled: "https://mff-uk.github.io/specifications/dcat-dap#RightsStatement",
    descriptionProperty: "http://www.w3.org/2004/02/skos/core#definition",
  }
]
Unable to merge entities with colliding id https://mff-uk.github.io/specifications/dcat-ap#Standard because they are of unsupported types. Falling back to the first one. [
  {
    iri: "https://mff-uk.github.io/specifications/dcat-ap#Standard",
    tags: [ "https://w3id.org/dsv/class-role#supportive" ],
    id: "https://mff-uk.github.io/specifications/dcat-ap#Standard",
    type: [ "class-profile" ],
    profiling: [ "https://mff-uk.github.io/specifications/dcat-dap#Standard" ],
    usageNote: {},
    usageNoteFromProfiled: "https://mff-uk.github.io/specifications/dcat-dap#Standard",
    externalDocumentationUrl: "https://semiceu.github.io/DCAT-AP/releases/3.0.1/#Standard",
    name: {},
    nameFromProfiled: "https://mff-uk.github.io/specifications/dcat-dap#Standard",
    nameProperty: "http://www.w3.org/2004/02/skos/core#prefLabel",
    description: {
      en: "A standard or other specification to which a resource conforms.",
    },
    descriptionFromProfiled: null,
    descriptionProperty: null,
    order: null,
    controlledVocabularies: [],
  }, {
    iri: "https://mff-uk.github.io/specifications/dcat-ap#Standard",
    tags: [ "https://w3id.org/dsv/class-role#supportive" ],
    id: "https://mff-uk.github.io/specifications/dcat-ap#Standard",
    type: [ "class-profile" ],
    profiling: [ "https://mff-uk.github.io/specifications/dcat-dap#Standard" ],
    usageNote: {},
    usageNoteFromProfiled: "https://mff-uk.github.io/specifications/dcat-dap#Standard",
    externalDocumentationUrl: "https://semiceu.github.io/DCAT-AP/releases/3.0.1/#Standard",
    name: {},
    nameFromProfiled: "https://mff-uk.github.io/specifications/dcat-dap#Standard",
    nameProperty: "http://www.w3.org/2004/02/skos/core#prefLabel",
    description: {
      en: "A standard or other specification to which a resource conforms.",
    },
    descriptionFromProfiled: null,
    descriptionProperty: null,
  }
]
Unable to merge entities with colliding id https://mff-uk.github.io/specifications/dcat-ap#rdfs-Resource because they are of unsupported types. Falling back to the first one. [
  {
    iri: "https://mff-uk.github.io/specifications/dcat-ap#rdfs-Resource",
    tags: [ "https://w3id.org/dsv/class-role#supportive" ],
    id: "https://mff-uk.github.io/specifications/dcat-ap#rdfs-Resource",
    type: [ "class-profile" ],
    profiling: [ "https://mff-uk.github.io/specifications/dcat-dap#rdfs-Resource" ],
    usageNote: {},
    usageNoteFromProfiled: "https://mff-uk.github.io/specifications/dcat-dap#rdfs-Resource",
    externalDocumentationUrl: "https://semiceu.github.io/DCAT-AP/releases/3.0.1/#Resource",
    name: {},
    nameFromProfiled: "https://mff-uk.github.io/specifications/dcat-dap#rdfs-Resource",
    nameProperty: "http://www.w3.org/2004/02/skos/core#prefLabel",
    description: {
      en: "Anything described by RDF.",
    },
    descriptionFromProfiled: null,
    descriptionProperty: null,
    order: null,
    controlledVocabularies: [],
  }, {
    iri: "https://mff-uk.github.io/specifications/dcat-ap#rdfs-Resource",
    tags: [ "https://w3id.org/dsv/class-role#supportive" ],
    id: "https://mff-uk.github.io/specifications/dcat-ap#rdfs-Resource",
    type: [ "class-profile" ],
    profiling: [ "https://mff-uk.github.io/specifications/dcat-dap#rdfs-Resource" ],
    usageNote: {},
    usageNoteFromProfiled: "https://mff-uk.github.io/specifications/dcat-dap#rdfs-Resource",
    externalDocumentationUrl: "https://semiceu.github.io/DCAT-AP/releases/3.0.1/#Resource",
    name: {},
    nameFromProfiled: "https://mff-uk.github.io/specifications/dcat-dap#rdfs-Resource",
    nameProperty: "http://www.w3.org/2004/02/skos/core#prefLabel",
    description: {
      en: "Anything described by RDF.",
    },
    descriptionFromProfiled: null,
    descriptionProperty: null,
  }
]
Unable to merge entities with colliding id https://mff-uk.github.io/specifications/dcat-ap#ProvenanceStatement because they are of unsupported types. Falling back to the first one. [
  {
    iri: "https://mff-uk.github.io/specifications/dcat-ap#ProvenanceStatement",
    tags: [ "https://w3id.org/dsv/class-role#supportive" ],
    id: "https://mff-uk.github.io/specifications/dcat-ap#ProvenanceStatement",
    type: [ "class-profile" ],
    profiling: [ "http://purl.org/dc/terms/ProvenanceStatement" ],
    usageNote: {},
    usageNoteFromProfiled: null,
    externalDocumentationUrl: "https://semiceu.github.io/DCAT-AP/releases/3.0.1/#ProvenanceStatement",
    name: {},
    nameFromProfiled: "http://purl.org/dc/terms/ProvenanceStatement",
    nameProperty: "http://www.w3.org/2004/02/skos/core#prefLabel",
    description: {},
    descriptionFromProfiled: "http://purl.org/dc/terms/ProvenanceStatement",
    descriptionProperty: "http://www.w3.org/2004/02/skos/core#definition",
    order: null,
    controlledVocabularies: [],
  }, {
    iri: "https://mff-uk.github.io/specifications/dcat-ap#ProvenanceStatement",
    tags: [ "https://w3id.org/dsv/class-role#supportive" ],
    id: "https://mff-uk.github.io/specifications/dcat-ap#ProvenanceStatement",
    type: [ "class-profile" ],
    profiling: [ "http://purl.org/dc/terms/ProvenanceStatement" ],
    usageNote: {},
    usageNoteFromProfiled: null,
    externalDocumentationUrl: "https://semiceu.github.io/DCAT-AP/releases/3.0.1/#ProvenanceStatement",
    name: {},
    nameFromProfiled: "http://purl.org/dc/terms/ProvenanceStatement",
    nameProperty: "http://www.w3.org/2004/02/skos/core#prefLabel",
    description: {},
    descriptionFromProfiled: "http://purl.org/dc/terms/ProvenanceStatement",
    descriptionProperty: "http://www.w3.org/2004/02/skos/core#definition",
  }
]
Unable to merge entities with colliding id https://mff-uk.github.io/specifications/dcat-ap#Policy because they are of unsupported types. Falling back to the first one. [
  {
    iri: "https://mff-uk.github.io/specifications/dcat-ap#Policy",
    tags: [ "https://w3id.org/dsv/class-role#supportive" ],
    id: "https://mff-uk.github.io/specifications/dcat-ap#Policy",
    type: [ "class-profile" ],
    profiling: [ "https://mff-uk.github.io/specifications/dcat-dap#Policy" ],
    usageNote: {},
    usageNoteFromProfiled: "https://mff-uk.github.io/specifications/dcat-dap#Policy",
    externalDocumentationUrl: "https://semiceu.github.io/DCAT-AP/releases/3.0.1/#Policy",
    name: {},
    nameFromProfiled: "https://mff-uk.github.io/specifications/dcat-dap#Policy",
    nameProperty: "http://www.w3.org/2004/02/skos/core#prefLabel",
    description: {
      en: "A non-empty group of Permissions and/or Prohibitions.",
    },
    descriptionFromProfiled: null,
    descriptionProperty: null,
    order: null,
    controlledVocabularies: [],
  }, {
    iri: "https://mff-uk.github.io/specifications/dcat-ap#Policy",
    tags: [ "https://w3id.org/dsv/class-role#supportive" ],
    id: "https://mff-uk.github.io/specifications/dcat-ap#Policy",
    type: [ "class-profile" ],
    profiling: [ "https://mff-uk.github.io/specifications/dcat-dap#Policy" ],
    usageNote: {},
    usageNoteFromProfiled: "https://mff-uk.github.io/specifications/dcat-dap#Policy",
    externalDocumentationUrl: "https://semiceu.github.io/DCAT-AP/releases/3.0.1/#Policy",
    name: {},
    nameFromProfiled: "https://mff-uk.github.io/specifications/dcat-dap#Policy",
    nameProperty: "http://www.w3.org/2004/02/skos/core#prefLabel",
    description: {
      en: "A non-empty group of Permissions and/or Prohibitions.",
    },
    descriptionFromProfiled: null,
    descriptionProperty: null,
  }
]
Unable to merge entities with colliding id https://mff-uk.github.io/specifications/dcat-ap#PeriodOfTime because they are of unsupported types. Falling back to the first one. [
  {
    iri: "https://mff-uk.github.io/specifications/dcat-ap#PeriodOfTime",
    tags: [ "https://w3id.org/dsv/class-role#supportive" ],
    id: "https://mff-uk.github.io/specifications/dcat-ap#PeriodOfTime",
    type: [ "class-profile" ],
    profiling: [ "https://mff-uk.github.io/specifications/dcat-dap#PeriodOfTime" ],
    usageNote: {},
    usageNoteFromProfiled: "https://mff-uk.github.io/specifications/dcat-dap#PeriodOfTime",
    externalDocumentationUrl: "https://semiceu.github.io/DCAT-AP/releases/3.0.1/#Periodoftime",
    name: {},
    nameFromProfiled: "https://mff-uk.github.io/specifications/dcat-dap#PeriodOfTime",
    nameProperty: "http://www.w3.org/2004/02/skos/core#prefLabel",
    description: {},
    descriptionFromProfiled: "https://mff-uk.github.io/specifications/dcat-dap#PeriodOfTime",
    descriptionProperty: "http://www.w3.org/2004/02/skos/core#definition",
    order: null,
    controlledVocabularies: [],
  }, {
    iri: "https://mff-uk.github.io/specifications/dcat-ap#PeriodOfTime",
    tags: [ "https://w3id.org/dsv/class-role#supportive" ],
    id: "https://mff-uk.github.io/specifications/dcat-ap#PeriodOfTime",
    type: [ "class-profile" ],
    profiling: [ "https://mff-uk.github.io/specifications/dcat-dap#PeriodOfTime" ],
    usageNote: {},
    usageNoteFromProfiled: "https://mff-uk.github.io/specifications/dcat-dap#PeriodOfTime",
    externalDocumentationUrl: "https://semiceu.github.io/DCAT-AP/releases/3.0.1/#Periodoftime",
    name: {},
    nameFromProfiled: "https://mff-uk.github.io/specifications/dcat-dap#PeriodOfTime",
    nameProperty: "http://www.w3.org/2004/02/skos/core#prefLabel",
    description: {},
    descriptionFromProfiled: "https://mff-uk.github.io/specifications/dcat-dap#PeriodOfTime",
    descriptionProperty: "http://www.w3.org/2004/02/skos/core#definition",
  }
]
Unable to merge entities with colliding id https://mff-uk.github.io/specifications/dcat-ap#MediaTypeOrExtent because they are of unsupported types. Falling back to the first one. [
  {
    iri: "https://mff-uk.github.io/specifications/dcat-ap#MediaTypeOrExtent",
    tags: [ "https://w3id.org/dsv/class-role#supportive" ],
    id: "https://mff-uk.github.io/specifications/dcat-ap#MediaTypeOrExtent",
    type: [ "class-profile" ],
    profiling: [ "https://mff-uk.github.io/specifications/dcat-dap#MediaTypeOrExtent" ],
    usageNote: {},
    usageNoteFromProfiled: "https://mff-uk.github.io/specifications/dcat-dap#MediaTypeOrExtent",
    externalDocumentationUrl: "https://semiceu.github.io/DCAT-AP/releases/3.0.1/#MediaTypeorExtent",
    name: {},
    nameFromProfiled: "https://mff-uk.github.io/specifications/dcat-dap#MediaTypeOrExtent",
    nameProperty: "http://www.w3.org/2004/02/skos/core#prefLabel",
    description: {},
    descriptionFromProfiled: "https://mff-uk.github.io/specifications/dcat-dap#MediaTypeOrExtent",
    descriptionProperty: "http://www.w3.org/2004/02/skos/core#definition",
    order: null,
    controlledVocabularies: [],
  }, {
    iri: "https://mff-uk.github.io/specifications/dcat-ap#MediaTypeOrExtent",
    tags: [ "https://w3id.org/dsv/class-role#supportive" ],
    id: "https://mff-uk.github.io/specifications/dcat-ap#MediaTypeOrExtent",
    type: [ "class-profile" ],
    profiling: [ "https://mff-uk.github.io/specifications/dcat-dap#MediaTypeOrExtent" ],
    usageNote: {},
    usageNoteFromProfiled: "https://mff-uk.github.io/specifications/dcat-dap#MediaTypeOrExtent",
    externalDocumentationUrl: "https://semiceu.github.io/DCAT-AP/releases/3.0.1/#MediaTypeorExtent",
    name: {},
    nameFromProfiled: "https://mff-uk.github.io/specifications/dcat-dap#MediaTypeOrExtent",
    nameProperty: "http://www.w3.org/2004/02/skos/core#prefLabel",
    description: {},
    descriptionFromProfiled: "https://mff-uk.github.io/specifications/dcat-dap#MediaTypeOrExtent",
    descriptionProperty: "http://www.w3.org/2004/02/skos/core#definition",
  }
]
Unable to merge entities with colliding id https://mff-uk.github.io/specifications/dcat-ap#MediaType because they are of unsupported types. Falling back to the first one. [
  {
    iri: "https://mff-uk.github.io/specifications/dcat-ap#MediaType",
    tags: [ "https://w3id.org/dsv/class-role#supportive" ],
    id: "https://mff-uk.github.io/specifications/dcat-ap#MediaType",
    type: [ "class-profile" ],
    profiling: [ "https://mff-uk.github.io/specifications/dcat-dap#MediaType" ],
    usageNote: {},
    usageNoteFromProfiled: "https://mff-uk.github.io/specifications/dcat-dap#MediaType",
    externalDocumentationUrl: "https://semiceu.github.io/DCAT-AP/releases/3.0.1/#MediaType",
    name: {},
    nameFromProfiled: "https://mff-uk.github.io/specifications/dcat-dap#MediaType",
    nameProperty: "http://www.w3.org/2004/02/skos/core#prefLabel",
    description: {},
    descriptionFromProfiled: "https://mff-uk.github.io/specifications/dcat-dap#MediaType",
    descriptionProperty: "http://www.w3.org/2004/02/skos/core#definition",
    order: null,
    controlledVocabularies: [],
  }, {
    iri: "https://mff-uk.github.io/specifications/dcat-ap#MediaType",
    tags: [ "https://w3id.org/dsv/class-role#supportive" ],
    id: "https://mff-uk.github.io/specifications/dcat-ap#MediaType",
    type: [ "class-profile" ],
    profiling: [ "https://mff-uk.github.io/specifications/dcat-dap#MediaType" ],
    usageNote: {},
    usageNoteFromProfiled: "https://mff-uk.github.io/specifications/dcat-dap#MediaType",
    externalDocumentationUrl: "https://semiceu.github.io/DCAT-AP/releases/3.0.1/#MediaType",
    name: {},
    nameFromProfiled: "https://mff-uk.github.io/specifications/dcat-dap#MediaType",
    nameProperty: "http://www.w3.org/2004/02/skos/core#prefLabel",
    description: {},
    descriptionFromProfiled: "https://mff-uk.github.io/specifications/dcat-dap#MediaType",
    descriptionProperty: "http://www.w3.org/2004/02/skos/core#definition",
  }
]
Unable to merge entities with colliding id https://mff-uk.github.io/specifications/dcat-ap#Identifier because they are of unsupported types. Falling back to the first one. [
  {
    iri: "https://mff-uk.github.io/specifications/dcat-ap#Identifier",
    tags: [ "https://w3id.org/dsv/class-role#supportive" ],
    id: "https://mff-uk.github.io/specifications/dcat-ap#Identifier",
    type: [ "class-profile" ],
    profiling: [ "http://www.w3.org/ns/adms#Identifier" ],
    usageNote: {
      en: "An identifier in a particular context, consisting of the\n- content string that is the identifier;\n- an optional identifier for the identifier scheme;\n- an optional identifier for the version of the identifier scheme;\n- an optional identifier for the agency that manages the identifier scheme.",
    },
    usageNoteFromProfiled: null,
    externalDocumentationUrl: "https://semiceu.github.io/DCAT-AP/releases/3.0.1/#Identifier",
    name: {},
    nameFromProfiled: "http://www.w3.org/ns/adms#Identifier",
    nameProperty: "http://www.w3.org/2004/02/skos/core#prefLabel",
    description: {
      en: "This is based on the UN/CEFACT Identifier class.",
    },
    descriptionFromProfiled: null,
    descriptionProperty: null,
    order: null,
    controlledVocabularies: [],
  }, {
    iri: "https://mff-uk.github.io/specifications/dcat-ap#Identifier",
    tags: [ "https://w3id.org/dsv/class-role#supportive" ],
    id: "https://mff-uk.github.io/specifications/dcat-ap#Identifier",
    type: [ "class-profile" ],
    profiling: [ "http://www.w3.org/ns/adms#Identifier" ],
    usageNote: {
      en: "An identifier in a particular context, consisting of the\n- content string that is the identifier;\n- an optional identifier for the identifier scheme;\n- an optional identifier for the version of the identifier scheme;\n- an optional identifier for the agency that manages the identifier scheme.",
    },
    usageNoteFromProfiled: null,
    externalDocumentationUrl: "https://semiceu.github.io/DCAT-AP/releases/3.0.1/#Identifier",
    name: {},
    nameFromProfiled: "http://www.w3.org/ns/adms#Identifier",
    nameProperty: "http://www.w3.org/2004/02/skos/core#prefLabel",
    description: {
      en: "This is based on the UN/CEFACT Identifier class.",
    },
    descriptionFromProfiled: null,
    descriptionProperty: null,
  }
]
Unable to merge entities with colliding id https://mff-uk.github.io/specifications/dcat-ap#Geometry because they are of unsupported types. Falling back to the first one. [
  {
    iri: "https://mff-uk.github.io/specifications/dcat-ap#Geometry",
    tags: [ "https://w3id.org/dsv/class-role#supportive" ],
    id: "https://mff-uk.github.io/specifications/dcat-ap#Geometry",
    type: [ "class-profile" ],
    profiling: [ "https://mff-uk.github.io/specifications/dcat-dap#Geometry" ],
    usageNote: {},
    usageNoteFromProfiled: "https://mff-uk.github.io/specifications/dcat-dap#Geometry",
    externalDocumentationUrl: "https://semiceu.github.io/DCAT-AP/releases/3.0.1/#Geometry",
    name: {},
    nameFromProfiled: "https://mff-uk.github.io/specifications/dcat-dap#Geometry",
    nameProperty: "http://www.w3.org/2004/02/skos/core#prefLabel",
    description: {},
    descriptionFromProfiled: "https://mff-uk.github.io/specifications/dcat-dap#Geometry",
    descriptionProperty: "http://www.w3.org/2004/02/skos/core#definition",
    order: null,
    controlledVocabularies: [],
  }, {
    iri: "https://mff-uk.github.io/specifications/dcat-ap#Geometry",
    tags: [ "https://w3id.org/dsv/class-role#supportive" ],
    id: "https://mff-uk.github.io/specifications/dcat-ap#Geometry",
    type: [ "class-profile" ],
    profiling: [ "https://mff-uk.github.io/specifications/dcat-dap#Geometry" ],
    usageNote: {},
    usageNoteFromProfiled: "https://mff-uk.github.io/specifications/dcat-dap#Geometry",
    externalDocumentationUrl: "https://semiceu.github.io/DCAT-AP/releases/3.0.1/#Geometry",
    name: {},
    nameFromProfiled: "https://mff-uk.github.io/specifications/dcat-dap#Geometry",
    nameProperty: "http://www.w3.org/2004/02/skos/core#prefLabel",
    description: {},
    descriptionFromProfiled: "https://mff-uk.github.io/specifications/dcat-dap#Geometry",
    descriptionProperty: "http://www.w3.org/2004/02/skos/core#definition",
  }
]
Unable to merge entities with colliding id https://mff-uk.github.io/specifications/dcat-ap#Frequency because they are of unsupported types. Falling back to the first one. [
  {
    iri: "https://mff-uk.github.io/specifications/dcat-ap#Frequency",
    tags: [ "https://w3id.org/dsv/class-role#supportive" ],
    id: "https://mff-uk.github.io/specifications/dcat-ap#Frequency",
    type: [ "class-profile" ],
    profiling: [ "https://mff-uk.github.io/specifications/dcat-dap#Frequency" ],
    usageNote: {},
    usageNoteFromProfiled: "https://mff-uk.github.io/specifications/dcat-dap#Frequency",
    externalDocumentationUrl: "https://semiceu.github.io/DCAT-AP/releases/3.0.1/#Frequency",
    name: {},
    nameFromProfiled: "https://mff-uk.github.io/specifications/dcat-dap#Frequency",
    nameProperty: "http://www.w3.org/2004/02/skos/core#prefLabel",
    description: {
      en: "A rate at which something recurs, e.g. the publication of a Dataset.",
    },
    descriptionFromProfiled: null,
    descriptionProperty: null,
    order: null,
    controlledVocabularies: [],
  }, {
    iri: "https://mff-uk.github.io/specifications/dcat-ap#Frequency",
    tags: [ "https://w3id.org/dsv/class-role#supportive" ],
    id: "https://mff-uk.github.io/specifications/dcat-ap#Frequency",
    type: [ "class-profile" ],
    profiling: [ "https://mff-uk.github.io/specifications/dcat-dap#Frequency" ],
    usageNote: {},
    usageNoteFromProfiled: "https://mff-uk.github.io/specifications/dcat-dap#Frequency",
    externalDocumentationUrl: "https://semiceu.github.io/DCAT-AP/releases/3.0.1/#Frequency",
    name: {},
    nameFromProfiled: "https://mff-uk.github.io/specifications/dcat-dap#Frequency",
    nameProperty: "http://www.w3.org/2004/02/skos/core#prefLabel",
    description: {
      en: "A rate at which something recurs, e.g. the publication of a Dataset.",
    },
    descriptionFromProfiled: null,
    descriptionProperty: null,
  }
]
Unable to merge entities with colliding id https://mff-uk.github.io/specifications/dcat-ap#ConceptScheme because they are of unsupported types. Falling back to the first one. [
  {
    iri: "https://mff-uk.github.io/specifications/dcat-ap#ConceptScheme",
    tags: [ "https://w3id.org/dsv/class-role#supportive" ],
    id: "https://mff-uk.github.io/specifications/dcat-ap#ConceptScheme",
    type: [ "class-profile" ],
    profiling: [ "http://www.w3.org/2004/02/skos/core#ConceptScheme" ],
    usageNote: {
      en: "In DCAT-AP, a Concept Scheme is used to denote a codelist. In section 10. Controlled Vocabularies the expectations are elaborated in more detail.",
    },
    usageNoteFromProfiled: null,
    externalDocumentationUrl: "https://semiceu.github.io/DCAT-AP/releases/3.0.1/#ConceptScheme",
    name: {},
    nameFromProfiled: "http://www.w3.org/2004/02/skos/core#ConceptScheme",
    nameProperty: "http://www.w3.org/2004/02/skos/core#prefLabel",
    description: {
      en: "An aggregation of one or more SKOS concepts.",
    },
    descriptionFromProfiled: null,
    descriptionProperty: null,
    order: null,
    controlledVocabularies: [],
  }, {
    iri: "https://mff-uk.github.io/specifications/dcat-ap#ConceptScheme",
    tags: [ "https://w3id.org/dsv/class-role#supportive" ],
    id: "https://mff-uk.github.io/specifications/dcat-ap#ConceptScheme",
    type: [ "class-profile" ],
    profiling: [ "http://www.w3.org/2004/02/skos/core#ConceptScheme" ],
    usageNote: {
      en: "In DCAT-AP, a Concept Scheme is used to denote a codelist. In section 10. Controlled Vocabularies the expectations are elaborated in more detail.",
    },
    usageNoteFromProfiled: null,
    externalDocumentationUrl: "https://semiceu.github.io/DCAT-AP/releases/3.0.1/#ConceptScheme",
    name: {},
    nameFromProfiled: "http://www.w3.org/2004/02/skos/core#ConceptScheme",
    nameProperty: "http://www.w3.org/2004/02/skos/core#prefLabel",
    description: {
      en: "An aggregation of one or more SKOS concepts.",
    },
    descriptionFromProfiled: null,
    descriptionProperty: null,
  }
]
Unable to merge entities with colliding id https://mff-uk.github.io/specifications/dcat-ap#ChecksumAlgorithm because they are of unsupported types. Falling back to the first one. [
  {
    iri: "https://mff-uk.github.io/specifications/dcat-ap#ChecksumAlgorithm",
    tags: [ "https://w3id.org/dsv/class-role#supportive" ],
    id: "https://mff-uk.github.io/specifications/dcat-ap#ChecksumAlgorithm",
    type: [ "class-profile" ],
    profiling: [ "https://mff-uk.github.io/specifications/dcat-dap#ChecksumAlgorithm" ],
    usageNote: {},
    usageNoteFromProfiled: "https://mff-uk.github.io/specifications/dcat-dap#ChecksumAlgorithm",
    externalDocumentationUrl: "https://semiceu.github.io/DCAT-AP/releases/3.0.1/#ChecksumAlgorithm",
    name: {},
    nameFromProfiled: "https://mff-uk.github.io/specifications/dcat-dap#ChecksumAlgorithm",
    nameProperty: "http://www.w3.org/2004/02/skos/core#prefLabel",
    description: {},
    descriptionFromProfiled: "https://mff-uk.github.io/specifications/dcat-dap#ChecksumAlgorithm",
    descriptionProperty: "http://www.w3.org/2004/02/skos/core#definition",
    order: null,
    controlledVocabularies: [],
  }, {
    iri: "https://mff-uk.github.io/specifications/dcat-ap#ChecksumAlgorithm",
    tags: [ "https://w3id.org/dsv/class-role#supportive" ],
    id: "https://mff-uk.github.io/specifications/dcat-ap#ChecksumAlgorithm",
    type: [ "class-profile" ],
    profiling: [ "https://mff-uk.github.io/specifications/dcat-dap#ChecksumAlgorithm" ],
    usageNote: {},
    usageNoteFromProfiled: "https://mff-uk.github.io/specifications/dcat-dap#ChecksumAlgorithm",
    externalDocumentationUrl: "https://semiceu.github.io/DCAT-AP/releases/3.0.1/#ChecksumAlgorithm",
    name: {},
    nameFromProfiled: "https://mff-uk.github.io/specifications/dcat-dap#ChecksumAlgorithm",
    nameProperty: "http://www.w3.org/2004/02/skos/core#prefLabel",
    description: {},
    descriptionFromProfiled: "https://mff-uk.github.io/specifications/dcat-dap#ChecksumAlgorithm",
    descriptionProperty: "http://www.w3.org/2004/02/skos/core#definition",
  }
]
Unable to merge entities with colliding id https://mff-uk.github.io/specifications/dcat-ap#Attribution because they are of unsupported types. Falling back to the first one. [
  {
    iri: "https://mff-uk.github.io/specifications/dcat-ap#Attribution",
    tags: [ "https://w3id.org/dsv/class-role#supportive" ],
    id: "https://mff-uk.github.io/specifications/dcat-ap#Attribution",
    type: [ "class-profile" ],
    profiling: [ "https://mff-uk.github.io/specifications/dcat-dap#Attribution" ],
    usageNote: {},
    usageNoteFromProfiled: "https://mff-uk.github.io/specifications/dcat-dap#Attribution",
    externalDocumentationUrl: "https://semiceu.github.io/DCAT-AP/releases/3.0.1/#Attribution",
    name: {},
    nameFromProfiled: "https://mff-uk.github.io/specifications/dcat-dap#Attribution",
    nameProperty: "http://www.w3.org/2004/02/skos/core#prefLabel",
    description: {
      en: "Attribution is the ascribing of an entity to an agent.",
    },
    descriptionFromProfiled: null,
    descriptionProperty: null,
    order: null,
    controlledVocabularies: [],
  }, {
    iri: "https://mff-uk.github.io/specifications/dcat-ap#Attribution",
    tags: [ "https://w3id.org/dsv/class-role#supportive" ],
    id: "https://mff-uk.github.io/specifications/dcat-ap#Attribution",
    type: [ "class-profile" ],
    profiling: [ "https://mff-uk.github.io/specifications/dcat-dap#Attribution" ],
    usageNote: {},
    usageNoteFromProfiled: "https://mff-uk.github.io/specifications/dcat-dap#Attribution",
    externalDocumentationUrl: "https://semiceu.github.io/DCAT-AP/releases/3.0.1/#Attribution",
    name: {},
    nameFromProfiled: "https://mff-uk.github.io/specifications/dcat-dap#Attribution",
    nameProperty: "http://www.w3.org/2004/02/skos/core#prefLabel",
    description: {
      en: "Attribution is the ascribing of an entity to an agent.",
    },
    descriptionFromProfiled: null,
    descriptionProperty: null,
  }
]
Unable to merge entities with colliding id https://mff-uk.github.io/specifications/dcat-ap#Activity because they are of unsupported types. Falling back to the first one. [
  {
    iri: "https://mff-uk.github.io/specifications/dcat-ap#Activity",
    tags: [ "https://w3id.org/dsv/class-role#supportive" ],
    id: "https://mff-uk.github.io/specifications/dcat-ap#Activity",
    type: [ "class-profile" ],
    profiling: [ "http://www.w3.org/ns/prov#Activity" ],
    usageNote: {},
    usageNoteFromProfiled: null,
    externalDocumentationUrl: "https://semiceu.github.io/DCAT-AP/releases/3.0.1/#Activity",
    name: {},
    nameFromProfiled: "http://www.w3.org/ns/prov#Activity",
    nameProperty: "http://www.w3.org/2004/02/skos/core#prefLabel",
    description: {
      en: "An activity is something that occurs over a period of time and acts upon or with entities; it may include consuming, processing, transforming, modifying, relocating, using, or generating entities.",
    },
    descriptionFromProfiled: null,
    descriptionProperty: null,
    order: null,
    controlledVocabularies: [],
  }, {
    iri: "https://mff-uk.github.io/specifications/dcat-ap#Activity",
    tags: [ "https://w3id.org/dsv/class-role#supportive" ],
    id: "https://mff-uk.github.io/specifications/dcat-ap#Activity",
    type: [ "class-profile" ],
    profiling: [ "http://www.w3.org/ns/prov#Activity" ],
    usageNote: {},
    usageNoteFromProfiled: null,
    externalDocumentationUrl: "https://semiceu.github.io/DCAT-AP/releases/3.0.1/#Activity",
    name: {},
    nameFromProfiled: "http://www.w3.org/ns/prov#Activity",
    nameProperty: "http://www.w3.org/2004/02/skos/core#prefLabel",
    description: {
      en: "An activity is something that occurs over a period of time and acts upon or with entities; it may include consuming, processing, transforming, modifying, relocating, using, or generating entities.",
    },
    descriptionFromProfiled: null,
    descriptionProperty: null,
  }
]
Unable to merge entities with colliding id https://mff-uk.github.io/specifications/dcat-ap#Kind because they are of unsupported types. Falling back to the first one. [
  {
    iri: "https://mff-uk.github.io/specifications/dcat-ap#Kind",
    tags: [ "https://w3id.org/dsv/class-role#main" ],
    id: "https://mff-uk.github.io/specifications/dcat-ap#Kind",
    type: [ "class-profile" ],
    profiling: [ "https://mff-uk.github.io/specifications/dcat-dap#Kind" ],
    usageNote: {
      en: "Note that the class Kind is the parent class for the four explicit types of vCard (Individual, Organization, Location, Group).",
    },
    usageNoteFromProfiled: null,
    externalDocumentationUrl: "https://semiceu.github.io/DCAT-AP/releases/3.0.1/#Kind",
    name: {},
    nameFromProfiled: "https://mff-uk.github.io/specifications/dcat-dap#Kind",
    nameProperty: "http://www.w3.org/2004/02/skos/core#prefLabel",
    description: {
      en: "A description following the vCard specification, e.g. to provide telephone number and e-mail address for a contact point.",
    },
    descriptionFromProfiled: null,
    descriptionProperty: null,
    order: null,
    controlledVocabularies: [],
  }, {
    iri: "https://mff-uk.github.io/specifications/dcat-ap#Kind",
    tags: [ "https://w3id.org/dsv/class-role#main" ],
    id: "https://mff-uk.github.io/specifications/dcat-ap#Kind",
    type: [ "class-profile" ],
    profiling: [ "https://mff-uk.github.io/specifications/dcat-dap#Kind" ],
    usageNote: {
      en: "Note that the class Kind is the parent class for the four explicit types of vCard (Individual, Organization, Location, Group).",
    },
    usageNoteFromProfiled: null,
    externalDocumentationUrl: "https://semiceu.github.io/DCAT-AP/releases/3.0.1/#Kind",
    name: {},
    nameFromProfiled: "https://mff-uk.github.io/specifications/dcat-dap#Kind",
    nameProperty: "http://www.w3.org/2004/02/skos/core#prefLabel",
    description: {
      en: "A description following the vCard specification, e.g. to provide telephone number and e-mail address for a contact point.",
    },
    descriptionFromProfiled: null,
    descriptionProperty: null,
  }
]
Unable to merge entities with colliding id https://mff-uk.github.io/specifications/dcat-ap#Checksum because they are of unsupported types. Falling back to the first one. [
  {
    iri: "https://mff-uk.github.io/specifications/dcat-ap#Checksum",
    tags: [ "https://w3id.org/dsv/class-role#main" ],
    id: "https://mff-uk.github.io/specifications/dcat-ap#Checksum",
    type: [ "class-profile" ],
    profiling: [ "https://mff-uk.github.io/specifications/dcat-dap#Checksum" ],
    usageNote: {
      en: "This class allows the results of a variety of checksum and cryptographic message digest algorithms to be represented.",
    },
    usageNoteFromProfiled: null,
    externalDocumentationUrl: "https://semiceu.github.io/DCAT-AP/releases/3.0.1/#Checksum",
    name: {},
    nameFromProfiled: "https://mff-uk.github.io/specifications/dcat-dap#Checksum",
    nameProperty: "http://www.w3.org/2004/02/skos/core#prefLabel",
    description: {
      en: "A value that allows the contents of a file to be authenticated.",
    },
    descriptionFromProfiled: null,
    descriptionProperty: null,
    order: null,
    controlledVocabularies: [],
  }, {
    iri: "https://mff-uk.github.io/specifications/dcat-ap#Checksum",
    tags: [ "https://w3id.org/dsv/class-role#main" ],
    id: "https://mff-uk.github.io/specifications/dcat-ap#Checksum",
    type: [ "class-profile" ],
    profiling: [ "https://mff-uk.github.io/specifications/dcat-dap#Checksum" ],
    usageNote: {
      en: "This class allows the results of a variety of checksum and cryptographic message digest algorithms to be represented.",
    },
    usageNoteFromProfiled: null,
    externalDocumentationUrl: "https://semiceu.github.io/DCAT-AP/releases/3.0.1/#Checksum",
    name: {},
    nameFromProfiled: "https://mff-uk.github.io/specifications/dcat-dap#Checksum",
    nameProperty: "http://www.w3.org/2004/02/skos/core#prefLabel",
    description: {
      en: "A value that allows the contents of a file to be authenticated.",
    },
    descriptionFromProfiled: null,
    descriptionProperty: null,
  }
]
Unable to merge entities with colliding id https://mff-uk.github.io/specifications/dcat-ap#Instant because they are of unsupported types. Falling back to the first one. [
  {
    iri: "https://mff-uk.github.io/specifications/dcat-ap#Instant",
    tags: [ "https://w3id.org/dsv/class-role#supportive" ],
    id: "https://mff-uk.github.io/specifications/dcat-ap#Instant",
    type: [ "class-profile" ],
    profiling: [ "https://mff-uk.github.io/specifications/dcat-dap#Instant" ],
    usageNote: {},
    usageNoteFromProfiled: "https://mff-uk.github.io/specifications/dcat-dap#Instant",
    externalDocumentationUrl: "https://semiceu.github.io/DCAT-AP/releases/3.0.1/#Timeinstant",
    name: {},
    nameFromProfiled: "https://mff-uk.github.io/specifications/dcat-dap#Instant",
    nameProperty: "http://www.w3.org/2004/02/skos/core#prefLabel",
    description: {},
    descriptionFromProfiled: "https://mff-uk.github.io/specifications/dcat-dap#Instant",
    descriptionProperty: "http://www.w3.org/2004/02/skos/core#definition",
    order: null,
    controlledVocabularies: [],
  }, {
    iri: "https://mff-uk.github.io/specifications/dcat-ap#Instant",
    tags: [ "https://w3id.org/dsv/class-role#supportive" ],
    id: "https://mff-uk.github.io/specifications/dcat-ap#Instant",
    type: [ "class-profile" ],
    profiling: [ "https://mff-uk.github.io/specifications/dcat-dap#Instant" ],
    usageNote: {},
    usageNoteFromProfiled: "https://mff-uk.github.io/specifications/dcat-dap#Instant",
    externalDocumentationUrl: "https://semiceu.github.io/DCAT-AP/releases/3.0.1/#Timeinstant",
    name: {},
    nameFromProfiled: "https://mff-uk.github.io/specifications/dcat-dap#Instant",
    nameProperty: "http://www.w3.org/2004/02/skos/core#prefLabel",
    description: {},
    descriptionFromProfiled: "https://mff-uk.github.io/specifications/dcat-dap#Instant",
    descriptionProperty: "http://www.w3.org/2004/02/skos/core#definition",
  }
]
Unable to merge entities with colliding id https://mff-uk.github.io/specifications/dcat-dap#Catalog because they are of unsupported types. Falling back to the first one. [
  {
    iri: "https://mff-uk.github.io/specifications/dcat-dap#Catalog",
    tags: [ "https://w3id.org/dsv/class-role#main" ],
    id: "https://mff-uk.github.io/specifications/dcat-dap#Catalog",
    type: [ "class-profile" ],
    profiling: [ "http://www.w3.org/ns/dcat#Catalog" ],
    usageNote: {
      en: "A Web-based data catalog is typically represented as a single instance of this class.\nDatasets and data services are examples of resources in the context of a data catalog.",
    },
    usageNoteFromProfiled: null,
    externalDocumentationUrl: "https://www.w3.org/TR/vocab-dcat-3/#Class:Catalog",
    name: {},
    nameFromProfiled: "http://www.w3.org/ns/dcat#Catalog",
    nameProperty: "http://www.w3.org/2004/02/skos/core#prefLabel",
    description: {
      en: "A curated collection of metadata about resources.",
      es: "Una colección curada de metadatos sobre recursos (por ejemplo, conjuntos de datos y servicios de datos en el contexto de un catálogo de datos).",
      it: "Una raccolta curata di metadati sulle risorse (ad es. sui dataset e relativi servizi nel contesto di cataloghi di dati).",
      fr: "Une collection élaborée de métadonnées sur les jeux de données",
      cs: "Řízená kolekce metadat o datových sadách a datových službách",
      el: "Μια επιμελημένη συλλογή μεταδεδομένων περί συνόλων δεδομένων",
      ar: "مجموعة من توصيفات قوائم البيانات",
      ja: "データ・カタログは、データセットに関するキュレートされたメタデータの集合です。",
      da: "En udvalgt og arrangeret samling af metadata om ressourcer (fx datasæt og datatjenester i kontekst af et datakatalog). ",
    },
    descriptionFromProfiled: null,
    descriptionProperty: null,
    order: null,
    controlledVocabularies: [],
  }, {
    iri: "https://mff-uk.github.io/specifications/dcat-dap#Catalog",
    tags: [ "https://w3id.org/dsv/class-role#main" ],
    id: "https://mff-uk.github.io/specifications/dcat-dap#Catalog",
    type: [ "class-profile" ],
    profiling: [ "http://www.w3.org/ns/dcat#Catalog" ],
    usageNote: {
      en: "A Web-based data catalog is typically represented as a single instance of this class.\nDatasets and data services are examples of resources in the context of a data catalog.",
    },
    usageNoteFromProfiled: null,
    externalDocumentationUrl: "https://www.w3.org/TR/vocab-dcat-3/#Class:Catalog",
    name: {},
    nameFromProfiled: "http://www.w3.org/ns/dcat#Catalog",
    nameProperty: "http://www.w3.org/2004/02/skos/core#prefLabel",
    description: {
      en: "A curated collection of metadata about resources.",
      es: "Una colección curada de metadatos sobre recursos (por ejemplo, conjuntos de datos y servicios de datos en el contexto de un catálogo de datos).",
      it: "Una raccolta curata di metadati sulle risorse (ad es. sui dataset e relativi servizi nel contesto di cataloghi di dati).",
      fr: "Une collection élaborée de métadonnées sur les jeux de données",
      cs: "Řízená kolekce metadat o datových sadách a datových službách",
      el: "Μια επιμελημένη συλλογή μεταδεδομένων περί συνόλων δεδομένων",
      ar: "مجموعة من توصيفات قوائم البيانات",
      ja: "データ・カタログは、データセットに関するキュレートされたメタデータの集合です。",
      da: "En udvalgt og arrangeret samling af metadata om ressourcer (fx datasæt og datatjenester i kontekst af et datakatalog). ",
    },
    descriptionFromProfiled: null,
    descriptionProperty: null,
  }
]
Unable to merge entities with colliding id https://mff-uk.github.io/specifications/dcat-dap#CatalogRecord because they are of unsupported types. Falling back to the first one. [
  {
    iri: "https://mff-uk.github.io/specifications/dcat-dap#CatalogRecord",
    tags: [ "https://w3id.org/dsv/class-role#main" ],
    id: "https://mff-uk.github.io/specifications/dcat-dap#CatalogRecord",
    type: [ "class-profile" ],
    profiling: [ "http://www.w3.org/ns/dcat#CatalogRecord" ],
    usageNote: {
      en: "This class is optional and not all catalogs will use it. It exists for catalogs where a distinction is made between metadata about a dataset or service and metadata about the entry in the catalog about the dataset or service. For example, the publication date property of the dataset reflects the date when the information was originally made available by the publishing agency, while the publication date of the catalog record is the date when the dataset was added to the catalog. In cases where both dates differ, or where only the latter is known, the publication date SHOULD only be specified for the catalog record. Notice that the W3C PROV Ontology [[PROV-O]] allows describing further provenance information such as the details of the process and the agent involved in a particular change to a dataset or its registration.",
    },
    usageNoteFromProfiled: null,
    externalDocumentationUrl: "https://www.w3.org/TR/vocab-dcat-3/#Class:Catalog_Record",
    name: {},
    nameFromProfiled: "http://www.w3.org/ns/dcat#CatalogRecord",
    nameProperty: "http://www.w3.org/2004/02/skos/core#prefLabel",
    description: {
      ja: "1つのデータセットを記述したデータ・カタログ内のレコード。",
      en: "A record in a catalog, describing the registration of a single dcat:Resource.",
      it: "Un record in un catalogo di dati che descrive un singolo dataset o servizio di dati.",
      fr: "Un registre du catalogue ou une entrée du catalogue, décrivant un seul jeu de données.",
      es: "Un registro en un catálogo de datos que describe un solo conjunto de datos o un servicio de datos.",
      cs: "Záznam v datovém katalogu popisující jednu datovou sadu či datovou službu.",
      el: "Μία καταγραφή ενός καταλόγου, η οποία περιγράφει ένα συγκεκριμένο σύνολο δεδομένων.",
      da: "En post i et datakatalog der beskriver registreringen af et enkelt datasæt eller en datatjeneste.",
    },
    descriptionFromProfiled: null,
    descriptionProperty: null,
    order: null,
    controlledVocabularies: [],
  }, {
    iri: "https://mff-uk.github.io/specifications/dcat-dap#CatalogRecord",
    tags: [ "https://w3id.org/dsv/class-role#main" ],
    id: "https://mff-uk.github.io/specifications/dcat-dap#CatalogRecord",
    type: [ "class-profile" ],
    profiling: [ "http://www.w3.org/ns/dcat#CatalogRecord" ],
    usageNote: {
      en: "This class is optional and not all catalogs will use it. It exists for catalogs where a distinction is made between metadata about a dataset or service and metadata about the entry in the catalog about the dataset or service. For example, the publication date property of the dataset reflects the date when the information was originally made available by the publishing agency, while the publication date of the catalog record is the date when the dataset was added to the catalog. In cases where both dates differ, or where only the latter is known, the publication date SHOULD only be specified for the catalog record. Notice that the W3C PROV Ontology [[PROV-O]] allows describing further provenance information such as the details of the process and the agent involved in a particular change to a dataset or its registration.",
    },
    usageNoteFromProfiled: null,
    externalDocumentationUrl: "https://www.w3.org/TR/vocab-dcat-3/#Class:Catalog_Record",
    name: {},
    nameFromProfiled: "http://www.w3.org/ns/dcat#CatalogRecord",
    nameProperty: "http://www.w3.org/2004/02/skos/core#prefLabel",
    description: {
      ja: "1つのデータセットを記述したデータ・カタログ内のレコード。",
      en: "A record in a catalog, describing the registration of a single dcat:Resource.",
      it: "Un record in un catalogo di dati che descrive un singolo dataset o servizio di dati.",
      fr: "Un registre du catalogue ou une entrée du catalogue, décrivant un seul jeu de données.",
      es: "Un registro en un catálogo de datos que describe un solo conjunto de datos o un servicio de datos.",
      cs: "Záznam v datovém katalogu popisující jednu datovou sadu či datovou službu.",
      el: "Μία καταγραφή ενός καταλόγου, η οποία περιγράφει ένα συγκεκριμένο σύνολο δεδομένων.",
      da: "En post i et datakatalog der beskriver registreringen af et enkelt datasæt eller en datatjeneste.",
    },
    descriptionFromProfiled: null,
    descriptionProperty: null,
  }
]
Unable to merge entities with colliding id https://mff-uk.github.io/specifications/dcat-dap#Dataset because they are of unsupported types. Falling back to the first one. [
  {
    iri: "https://mff-uk.github.io/specifications/dcat-dap#Dataset",
    tags: [ "https://w3id.org/dsv/class-role#main" ],
    id: "https://mff-uk.github.io/specifications/dcat-dap#Dataset",
    type: [ "class-profile" ],
    profiling: [ "http://www.w3.org/ns/dcat#Dataset" ],
    usageNote: {},
    usageNoteFromProfiled: null,
    externalDocumentationUrl: "https://www.w3.org/TR/vocab-dcat-3/#Class:Dataset",
    name: {},
    nameFromProfiled: "http://www.w3.org/ns/dcat#Dataset",
    nameProperty: "http://www.w3.org/2004/02/skos/core#prefLabel",
    description: {},
    descriptionFromProfiled: "http://www.w3.org/ns/dcat#Dataset",
    descriptionProperty: "http://www.w3.org/2004/02/skos/core#definition",
    order: null,
    controlledVocabularies: [],
  }, {
    iri: "https://mff-uk.github.io/specifications/dcat-dap#Dataset",
    tags: [ "https://w3id.org/dsv/class-role#main" ],
    id: "https://mff-uk.github.io/specifications/dcat-dap#Dataset",
    type: [ "class-profile" ],
    profiling: [ "http://www.w3.org/ns/dcat#Dataset" ],
    usageNote: {},
    usageNoteFromProfiled: null,
    externalDocumentationUrl: "https://www.w3.org/TR/vocab-dcat-3/#Class:Dataset",
    name: {},
    nameFromProfiled: "http://www.w3.org/ns/dcat#Dataset",
    nameProperty: "http://www.w3.org/2004/02/skos/core#prefLabel",
    description: {},
    descriptionFromProfiled: "http://www.w3.org/ns/dcat#Dataset",
    descriptionProperty: "http://www.w3.org/2004/02/skos/core#definition",
  }
]
Unable to merge entities with colliding id https://mff-uk.github.io/specifications/dcat-dap#CatalogedResource because they are of unsupported types. Falling back to the first one. [
  {
    iri: "https://mff-uk.github.io/specifications/dcat-dap#CatalogedResource",
    tags: [ "https://w3id.org/dsv/class-role#main" ],
    id: "https://mff-uk.github.io/specifications/dcat-dap#CatalogedResource",
    type: [ "class-profile" ],
    profiling: [ "http://www.w3.org/ns/dcat#Resource" ],
    usageNote: {
      en: "The class of all cataloged resources, the super-class of dcat:Dataset, dcat:DataService, dcat:Catalog and any other member of a dcat:Catalog.\n\nThis class carries properties common to all cataloged resources, including datasets and data services.\n\nThe instances of this class SHOULD be included in a catalog.\n\nWhen describing a resource which is not a dcat:Dataset or dcat:DataService, it is recommended to create a suitable sub-class of dcat:Resource, or use dcat:Resource with the dcterms:type property to indicate the specific type.\n\ndcat:Resource is an extension point that enables the definition of any kind of catalog. Additional sub-classes may be defined in a DCAT profile or other DCAT application for catalogs of other kinds of resources.",
    },
    usageNoteFromProfiled: null,
    externalDocumentationUrl: "https://www.w3.org/TR/vocab-dcat-3/#Class:Resource",
    name: {
      en: "Cataloged Resource",
      cs: "Katalogizovaný zdroj",
      es: "Recurso catalogado",
      it: "Risorsa catalogata",
      da: "Katalogiseret ressource",
    },
    nameFromProfiled: null,
    nameProperty: null,
    description: {},
    descriptionFromProfiled: "http://www.w3.org/ns/dcat#Resource",
    descriptionProperty: "http://www.w3.org/2004/02/skos/core#definition",
    order: null,
    controlledVocabularies: [],
  }, {
    iri: "https://mff-uk.github.io/specifications/dcat-dap#CatalogedResource",
    tags: [ "https://w3id.org/dsv/class-role#main" ],
    id: "https://mff-uk.github.io/specifications/dcat-dap#CatalogedResource",
    type: [ "class-profile" ],
    profiling: [ "http://www.w3.org/ns/dcat#Resource" ],
    usageNote: {
      en: "The class of all cataloged resources, the super-class of dcat:Dataset, dcat:DataService, dcat:Catalog and any other member of a dcat:Catalog.\n\nThis class carries properties common to all cataloged resources, including datasets and data services.\n\nThe instances of this class SHOULD be included in a catalog.\n\nWhen describing a resource which is not a dcat:Dataset or dcat:DataService, it is recommended to create a suitable sub-class of dcat:Resource, or use dcat:Resource with the dcterms:type property to indicate the specific type.\n\ndcat:Resource is an extension point that enables the definition of any kind of catalog. Additional sub-classes may be defined in a DCAT profile or other DCAT application for catalogs of other kinds of resources.",
    },
    usageNoteFromProfiled: null,
    externalDocumentationUrl: "https://www.w3.org/TR/vocab-dcat-3/#Class:Resource",
    name: {
      en: "Cataloged Resource",
      cs: "Katalogizovaný zdroj",
      es: "Recurso catalogado",
      it: "Risorsa catalogata",
      da: "Katalogiseret ressource",
    },
    nameFromProfiled: null,
    nameProperty: null,
    description: {},
    descriptionFromProfiled: "http://www.w3.org/ns/dcat#Resource",
    descriptionProperty: "http://www.w3.org/2004/02/skos/core#definition",
  }
]
Unable to merge entities with colliding id https://mff-uk.github.io/specifications/dcat-dap#Document because they are of unsupported types. Falling back to the first one. [
  {
    iri: "https://mff-uk.github.io/specifications/dcat-dap#Document",
    tags: [ "https://w3id.org/dsv/class-role#supportive" ],
    id: "https://mff-uk.github.io/specifications/dcat-dap#Document",
    type: [ "class-profile" ],
    profiling: [ "http://xmlns.com/foaf/0.1/Document" ],
    usageNote: {},
    usageNoteFromProfiled: null,
    externalDocumentationUrl: null,
    name: {},
    nameFromProfiled: "http://xmlns.com/foaf/0.1/Document",
    nameProperty: "http://www.w3.org/2004/02/skos/core#prefLabel",
    description: {},
    descriptionFromProfiled: "http://xmlns.com/foaf/0.1/Document",
    descriptionProperty: "http://www.w3.org/2004/02/skos/core#definition",
    order: null,
    controlledVocabularies: [],
  }, {
    iri: "https://mff-uk.github.io/specifications/dcat-dap#Document",
    tags: [ "https://w3id.org/dsv/class-role#supportive" ],
    id: "https://mff-uk.github.io/specifications/dcat-dap#Document",
    type: [ "class-profile" ],
    profiling: [ "http://xmlns.com/foaf/0.1/Document" ],
    usageNote: {},
    usageNoteFromProfiled: null,
    externalDocumentationUrl: null,
    name: {},
    nameFromProfiled: "http://xmlns.com/foaf/0.1/Document",
    nameProperty: "http://www.w3.org/2004/02/skos/core#prefLabel",
    description: {},
    descriptionFromProfiled: "http://xmlns.com/foaf/0.1/Document",
    descriptionProperty: "http://www.w3.org/2004/02/skos/core#definition",
  }
]
Unable to merge entities with colliding id https://mff-uk.github.io/specifications/dcat-dap#rdfs-Resource because they are of unsupported types. Falling back to the first one. [
  {
    iri: "https://mff-uk.github.io/specifications/dcat-dap#rdfs-Resource",
    tags: [ "https://w3id.org/dsv/class-role#supportive" ],
    id: "https://mff-uk.github.io/specifications/dcat-dap#rdfs-Resource",
    type: [ "class-profile" ],
    profiling: [ "http://www.w3.org/2000/01/rdf-schema#Resource" ],
    usageNote: {},
    usageNoteFromProfiled: null,
    externalDocumentationUrl: null,
    name: {},
    nameFromProfiled: "http://www.w3.org/2000/01/rdf-schema#Resource",
    nameProperty: "http://www.w3.org/2004/02/skos/core#prefLabel",
    description: {},
    descriptionFromProfiled: "http://www.w3.org/2000/01/rdf-schema#Resource",
    descriptionProperty: "http://www.w3.org/2004/02/skos/core#definition",
    order: null,
    controlledVocabularies: [],
  }, {
    iri: "https://mff-uk.github.io/specifications/dcat-dap#rdfs-Resource",
    tags: [ "https://w3id.org/dsv/class-role#supportive" ],
    id: "https://mff-uk.github.io/specifications/dcat-dap#rdfs-Resource",
    type: [ "class-profile" ],
    profiling: [ "http://www.w3.org/2000/01/rdf-schema#Resource" ],
    usageNote: {},
    usageNoteFromProfiled: null,
    externalDocumentationUrl: null,
    name: {},
    nameFromProfiled: "http://www.w3.org/2000/01/rdf-schema#Resource",
    nameProperty: "http://www.w3.org/2004/02/skos/core#prefLabel",
    description: {},
    descriptionFromProfiled: "http://www.w3.org/2000/01/rdf-schema#Resource",
    descriptionProperty: "http://www.w3.org/2004/02/skos/core#definition",
  }
]
Unable to merge entities with colliding id https://mff-uk.github.io/specifications/dcat-dap#DataService because they are of unsupported types. Falling back to the first one. [
  {
    iri: "https://mff-uk.github.io/specifications/dcat-dap#DataService",
    tags: [ "https://w3id.org/dsv/class-role#main" ],
    id: "https://mff-uk.github.io/specifications/dcat-dap#DataService",
    type: [ "class-profile" ],
    profiling: [ "http://www.w3.org/ns/dcat#DataService" ],
    usageNote: {
      en: "If a dcat:DataService is bound to one or more specified Datasets, they are indicated by the dcat:servesDataset property.\nThe kind of service can be indicated using the dcterms:type property. Its value may be taken from a controlled vocabulary such as the INSPIRE spatial data service type code list [INSPIRE-SDST].",
    },
    usageNoteFromProfiled: null,
    externalDocumentationUrl: "https://www.w3.org/TR/vocab-dcat-3/#Class:Data_Service",
    name: {
      en: "Data Service",
      it: "Servizio di dati",
      es: "Servicio de datos",
      da: "Datatjeneste",
    },
    nameFromProfiled: null,
    nameProperty: null,
    description: {
      en: "A collection of operations that provides access to one or more datasets or data processing functions.",
      cs: "Umístění či přístupový bod poskytující operace související s hledáním, přistupem k, či výkonem funkcí na datech či souvisejících zdrojích.",
      es: "Un sitio o end-point que provee operaciones relacionadas a funciones de descubrimiento, acceso, o procesamiento de datos o recursos relacionados.",
      it: "Un sito o end-point che fornisce operazioni relative alla scoperta, all'accesso o all'elaborazione di funzioni su dati o risorse correlate.",
      da: "Et websted eller endpoint der udstiller operationer relateret til opdagelse af, adgang til eller behandlende funktioner på data eller relaterede ressourcer.",
    },
    descriptionFromProfiled: null,
    descriptionProperty: null,
    order: null,
    controlledVocabularies: [],
  }, {
    iri: "https://mff-uk.github.io/specifications/dcat-dap#DataService",
    tags: [ "https://w3id.org/dsv/class-role#main" ],
    id: "https://mff-uk.github.io/specifications/dcat-dap#DataService",
    type: [ "class-profile" ],
    profiling: [ "http://www.w3.org/ns/dcat#DataService" ],
    usageNote: {
      en: "If a dcat:DataService is bound to one or more specified Datasets, they are indicated by the dcat:servesDataset property.\nThe kind of service can be indicated using the dcterms:type property. Its value may be taken from a controlled vocabulary such as the INSPIRE spatial data service type code list [INSPIRE-SDST].",
    },
    usageNoteFromProfiled: null,
    externalDocumentationUrl: "https://www.w3.org/TR/vocab-dcat-3/#Class:Data_Service",
    name: {
      en: "Data Service",
      it: "Servizio di dati",
      es: "Servicio de datos",
      da: "Datatjeneste",
    },
    nameFromProfiled: null,
    nameProperty: null,
    description: {
      en: "A collection of operations that provides access to one or more datasets or data processing functions.",
      cs: "Umístění či přístupový bod poskytující operace související s hledáním, přistupem k, či výkonem funkcí na datech či souvisejících zdrojích.",
      es: "Un sitio o end-point que provee operaciones relacionadas a funciones de descubrimiento, acceso, o procesamiento de datos o recursos relacionados.",
      it: "Un sito o end-point che fornisce operazioni relative alla scoperta, all'accesso o all'elaborazione di funzioni su dati o risorse correlate.",
      da: "Et websted eller endpoint der udstiller operationer relateret til opdagelse af, adgang til eller behandlende funktioner på data eller relaterede ressourcer.",
    },
    descriptionFromProfiled: null,
    descriptionProperty: null,
  }
]
Unable to merge entities with colliding id https://mff-uk.github.io/specifications/dcat-dap#RightsStatement because they are of unsupported types. Falling back to the first one. [
  {
    iri: "https://mff-uk.github.io/specifications/dcat-dap#RightsStatement",
    tags: [ "https://w3id.org/dsv/class-role#supportive" ],
    id: "https://mff-uk.github.io/specifications/dcat-dap#RightsStatement",
    type: [ "class-profile" ],
    profiling: [ "http://purl.org/dc/terms/RightsStatement" ],
    usageNote: {},
    usageNoteFromProfiled: null,
    externalDocumentationUrl: null,
    name: {},
    nameFromProfiled: "http://purl.org/dc/terms/RightsStatement",
    nameProperty: "http://www.w3.org/2004/02/skos/core#prefLabel",
    description: {},
    descriptionFromProfiled: "http://purl.org/dc/terms/RightsStatement",
    descriptionProperty: "http://www.w3.org/2004/02/skos/core#definition",
    order: null,
    controlledVocabularies: [],
  }, {
    iri: "https://mff-uk.github.io/specifications/dcat-dap#RightsStatement",
    tags: [ "https://w3id.org/dsv/class-role#supportive" ],
    id: "https://mff-uk.github.io/specifications/dcat-dap#RightsStatement",
    type: [ "class-profile" ],
    profiling: [ "http://purl.org/dc/terms/RightsStatement" ],
    usageNote: {},
    usageNoteFromProfiled: null,
    externalDocumentationUrl: null,
    name: {},
    nameFromProfiled: "http://purl.org/dc/terms/RightsStatement",
    nameProperty: "http://www.w3.org/2004/02/skos/core#prefLabel",
    description: {},
    descriptionFromProfiled: "http://purl.org/dc/terms/RightsStatement",
    descriptionProperty: "http://www.w3.org/2004/02/skos/core#definition",
  }
]
Unable to merge entities with colliding id https://mff-uk.github.io/specifications/dcat-dap#Standard because they are of unsupported types. Falling back to the first one. [
  {
    iri: "https://mff-uk.github.io/specifications/dcat-dap#Standard",
    tags: [ "https://w3id.org/dsv/class-role#supportive" ],
    id: "https://mff-uk.github.io/specifications/dcat-dap#Standard",
    type: [ "class-profile" ],
    profiling: [ "http://purl.org/dc/terms/Standard" ],
    usageNote: {},
    usageNoteFromProfiled: null,
    externalDocumentationUrl: null,
    name: {},
    nameFromProfiled: "http://purl.org/dc/terms/Standard",
    nameProperty: "http://www.w3.org/2004/02/skos/core#prefLabel",
    description: {},
    descriptionFromProfiled: "http://purl.org/dc/terms/Standard",
    descriptionProperty: "http://www.w3.org/2004/02/skos/core#definition",
    order: null,
    controlledVocabularies: [],
  }, {
    iri: "https://mff-uk.github.io/specifications/dcat-dap#Standard",
    tags: [ "https://w3id.org/dsv/class-role#supportive" ],
    id: "https://mff-uk.github.io/specifications/dcat-dap#Standard",
    type: [ "class-profile" ],
    profiling: [ "http://purl.org/dc/terms/Standard" ],
    usageNote: {},
    usageNoteFromProfiled: null,
    externalDocumentationUrl: null,
    name: {},
    nameFromProfiled: "http://purl.org/dc/terms/Standard",
    nameProperty: "http://www.w3.org/2004/02/skos/core#prefLabel",
    description: {},
    descriptionFromProfiled: "http://purl.org/dc/terms/Standard",
    descriptionProperty: "http://www.w3.org/2004/02/skos/core#definition",
  }
]
Unable to merge entities with colliding id https://mff-uk.github.io/specifications/dcat-dap#Kind because they are of unsupported types. Falling back to the first one. [
  {
    iri: "https://mff-uk.github.io/specifications/dcat-dap#Kind",
    tags: [ "https://w3id.org/dsv/class-role#supportive" ],
    id: "https://mff-uk.github.io/specifications/dcat-dap#Kind",
    type: [ "class-profile" ],
    profiling: [ "http://www.w3.org/2006/vcard/ns#Kind" ],
    usageNote: {},
    usageNoteFromProfiled: null,
    externalDocumentationUrl: null,
    name: {},
    nameFromProfiled: "http://www.w3.org/2006/vcard/ns#Kind",
    nameProperty: "http://www.w3.org/2004/02/skos/core#prefLabel",
    description: {},
    descriptionFromProfiled: "http://www.w3.org/2006/vcard/ns#Kind",
    descriptionProperty: "http://www.w3.org/2004/02/skos/core#definition",
    order: null,
    controlledVocabularies: [],
  }, {
    iri: "https://mff-uk.github.io/specifications/dcat-dap#Kind",
    tags: [ "https://w3id.org/dsv/class-role#supportive" ],
    id: "https://mff-uk.github.io/specifications/dcat-dap#Kind",
    type: [ "class-profile" ],
    profiling: [ "http://www.w3.org/2006/vcard/ns#Kind" ],
    usageNote: {},
    usageNoteFromProfiled: null,
    externalDocumentationUrl: null,
    name: {},
    nameFromProfiled: "http://www.w3.org/2006/vcard/ns#Kind",
    nameProperty: "http://www.w3.org/2004/02/skos/core#prefLabel",
    description: {},
    descriptionFromProfiled: "http://www.w3.org/2006/vcard/ns#Kind",
    descriptionProperty: "http://www.w3.org/2004/02/skos/core#definition",
  }
]
Unable to merge entities with colliding id https://mff-uk.github.io/specifications/dcat-dap#Agent because they are of unsupported types. Falling back to the first one. [
  {
    iri: "https://mff-uk.github.io/specifications/dcat-dap#Agent",
    tags: [ "https://w3id.org/dsv/class-role#supportive" ],
    id: "https://mff-uk.github.io/specifications/dcat-dap#Agent",
    type: [ "class-profile" ],
    profiling: [ "http://xmlns.com/foaf/0.1/Agent" ],
    usageNote: {},
    usageNoteFromProfiled: null,
    externalDocumentationUrl: null,
    name: {},
    nameFromProfiled: "http://xmlns.com/foaf/0.1/Agent",
    nameProperty: "http://www.w3.org/2004/02/skos/core#prefLabel",
    description: {},
    descriptionFromProfiled: "http://xmlns.com/foaf/0.1/Agent",
    descriptionProperty: "http://www.w3.org/2004/02/skos/core#definition",
    order: null,
    controlledVocabularies: [],
  }, {
    iri: "https://mff-uk.github.io/specifications/dcat-dap#Agent",
    tags: [ "https://w3id.org/dsv/class-role#supportive" ],
    id: "https://mff-uk.github.io/specifications/dcat-dap#Agent",
    type: [ "class-profile" ],
    profiling: [ "http://xmlns.com/foaf/0.1/Agent" ],
    usageNote: {},
    usageNoteFromProfiled: null,
    externalDocumentationUrl: null,
    name: {},
    nameFromProfiled: "http://xmlns.com/foaf/0.1/Agent",
    nameProperty: "http://www.w3.org/2004/02/skos/core#prefLabel",
    description: {},
    descriptionFromProfiled: "http://xmlns.com/foaf/0.1/Agent",
    descriptionProperty: "http://www.w3.org/2004/02/skos/core#definition",
  }
]
Unable to merge entities with colliding id https://mff-uk.github.io/specifications/dcat-dap#LinguisticSystem because they are of unsupported types. Falling back to the first one. [
  {
    iri: "https://mff-uk.github.io/specifications/dcat-dap#LinguisticSystem",
    tags: [ "https://w3id.org/dsv/class-role#supportive" ],
    id: "https://mff-uk.github.io/specifications/dcat-dap#LinguisticSystem",
    type: [ "class-profile" ],
    profiling: [ "http://purl.org/dc/terms/LinguisticSystem" ],
    usageNote: {},
    usageNoteFromProfiled: null,
    externalDocumentationUrl: null,
    name: {},
    nameFromProfiled: "http://purl.org/dc/terms/LinguisticSystem",
    nameProperty: "http://www.w3.org/2004/02/skos/core#prefLabel",
    description: {},
    descriptionFromProfiled: "http://purl.org/dc/terms/LinguisticSystem",
    descriptionProperty: "http://www.w3.org/2004/02/skos/core#definition",
    order: null,
    controlledVocabularies: [],
  }, {
    iri: "https://mff-uk.github.io/specifications/dcat-dap#LinguisticSystem",
    tags: [ "https://w3id.org/dsv/class-role#supportive" ],
    id: "https://mff-uk.github.io/specifications/dcat-dap#LinguisticSystem",
    type: [ "class-profile" ],
    profiling: [ "http://purl.org/dc/terms/LinguisticSystem" ],
    usageNote: {},
    usageNoteFromProfiled: null,
    externalDocumentationUrl: null,
    name: {},
    nameFromProfiled: "http://purl.org/dc/terms/LinguisticSystem",
    nameProperty: "http://www.w3.org/2004/02/skos/core#prefLabel",
    description: {},
    descriptionFromProfiled: "http://purl.org/dc/terms/LinguisticSystem",
    descriptionProperty: "http://www.w3.org/2004/02/skos/core#definition",
  }
]
Unable to merge entities with colliding id https://mff-uk.github.io/specifications/dcat-dap#Class because they are of unsupported types. Falling back to the first one. [
  {
    iri: "https://mff-uk.github.io/specifications/dcat-dap#Class",
    tags: [ "https://w3id.org/dsv/class-role#supportive" ],
    id: "https://mff-uk.github.io/specifications/dcat-dap#Class",
    type: [ "class-profile" ],
    profiling: [ "http://www.w3.org/2000/01/rdf-schema#Class" ],
    usageNote: {},
    usageNoteFromProfiled: null,
    externalDocumentationUrl: null,
    name: {},
    nameFromProfiled: "http://www.w3.org/2000/01/rdf-schema#Class",
    nameProperty: "http://www.w3.org/2004/02/skos/core#prefLabel",
    description: {},
    descriptionFromProfiled: "http://www.w3.org/2000/01/rdf-schema#Class",
    descriptionProperty: "http://www.w3.org/2004/02/skos/core#definition",
    order: null,
    controlledVocabularies: [],
  }, {
    iri: "https://mff-uk.github.io/specifications/dcat-dap#Class",
    tags: [ "https://w3id.org/dsv/class-role#supportive" ],
    id: "https://mff-uk.github.io/specifications/dcat-dap#Class",
    type: [ "class-profile" ],
    profiling: [ "http://www.w3.org/2000/01/rdf-schema#Class" ],
    usageNote: {},
    usageNoteFromProfiled: null,
    externalDocumentationUrl: null,
    name: {},
    nameFromProfiled: "http://www.w3.org/2000/01/rdf-schema#Class",
    nameProperty: "http://www.w3.org/2004/02/skos/core#prefLabel",
    description: {},
    descriptionFromProfiled: "http://www.w3.org/2000/01/rdf-schema#Class",
    descriptionProperty: "http://www.w3.org/2004/02/skos/core#definition",
  }
]
Unable to merge entities with colliding id https://mff-uk.github.io/specifications/dcat-dap#Relationship because they are of unsupported types. Falling back to the first one. [
  {
    iri: "https://mff-uk.github.io/specifications/dcat-dap#Relationship",
    tags: [ "https://w3id.org/dsv/class-role#main" ],
    id: "https://mff-uk.github.io/specifications/dcat-dap#Relationship",
    type: [ "class-profile" ],
    profiling: [ "http://www.w3.org/ns/dcat#Relationship" ],
    usageNote: {
      en: "Use to characterize a relationship between datasets, and potentially other resources, where the nature of the relationship is known but is not adequately characterized by the standard [[DCTERMS]] properties (dcterms:hasPart, dcterms:isPartOf, dcterms:conformsTo, dcterms:isFormatOf, dcterms:hasFormat, dcterms:isVersionOf, dcterms:hasVersion, dcterms:replaces, dcterms:isReplacedBy, dcterms:references, dcterms:isReferencedBy, dcterms:requires, dcterms:isRequiredBy) or [[PROV-O]] properties (prov:wasDerivedFrom, prov:wasInfluencedBy, prov:wasQuotedFrom, prov:wasRevisionOf, prov:hadPrimarySource, prov:alternateOf, prov:specializationOf)",
    },
    usageNoteFromProfiled: null,
    externalDocumentationUrl: "https://www.w3.org/TR/vocab-dcat-3/#Class:Organization_Person",
    name: {},
    nameFromProfiled: "http://www.w3.org/ns/dcat#Relationship",
    nameProperty: "http://www.w3.org/2004/02/skos/core#prefLabel",
    description: {},
    descriptionFromProfiled: "http://www.w3.org/ns/dcat#Relationship",
    descriptionProperty: "http://www.w3.org/2004/02/skos/core#definition",
    order: null,
    controlledVocabularies: [],
  }, {
    iri: "https://mff-uk.github.io/specifications/dcat-dap#Relationship",
    tags: [ "https://w3id.org/dsv/class-role#main" ],
    id: "https://mff-uk.github.io/specifications/dcat-dap#Relationship",
    type: [ "class-profile" ],
    profiling: [ "http://www.w3.org/ns/dcat#Relationship" ],
    usageNote: {
      en: "Use to characterize a relationship between datasets, and potentially other resources, where the nature of the relationship is known but is not adequately characterized by the standard [[DCTERMS]] properties (dcterms:hasPart, dcterms:isPartOf, dcterms:conformsTo, dcterms:isFormatOf, dcterms:hasFormat, dcterms:isVersionOf, dcterms:hasVersion, dcterms:replaces, dcterms:isReplacedBy, dcterms:references, dcterms:isReferencedBy, dcterms:requires, dcterms:isRequiredBy) or [[PROV-O]] properties (prov:wasDerivedFrom, prov:wasInfluencedBy, prov:wasQuotedFrom, prov:wasRevisionOf, prov:hadPrimarySource, prov:alternateOf, prov:specializationOf)",
    },
    usageNoteFromProfiled: null,
    externalDocumentationUrl: "https://www.w3.org/TR/vocab-dcat-3/#Class:Organization_Person",
    name: {},
    nameFromProfiled: "http://www.w3.org/ns/dcat#Relationship",
    nameProperty: "http://www.w3.org/2004/02/skos/core#prefLabel",
    description: {},
    descriptionFromProfiled: "http://www.w3.org/ns/dcat#Relationship",
    descriptionProperty: "http://www.w3.org/2004/02/skos/core#definition",
  }
]
Unable to merge entities with colliding id https://mff-uk.github.io/specifications/dcat-dap#Attribution because they are of unsupported types. Falling back to the first one. [
  {
    iri: "https://mff-uk.github.io/specifications/dcat-dap#Attribution",
    tags: [ "https://w3id.org/dsv/class-role#supportive" ],
    id: "https://mff-uk.github.io/specifications/dcat-dap#Attribution",
    type: [ "class-profile" ],
    profiling: [ "http://www.w3.org/ns/prov#Attribution" ],
    usageNote: {},
    usageNoteFromProfiled: null,
    externalDocumentationUrl: null,
    name: {},
    nameFromProfiled: "http://www.w3.org/ns/prov#Attribution",
    nameProperty: "http://www.w3.org/2004/02/skos/core#prefLabel",
    description: {},
    descriptionFromProfiled: "http://www.w3.org/ns/prov#Attribution",
    descriptionProperty: "http://www.w3.org/2004/02/skos/core#definition",
    order: null,
    controlledVocabularies: [],
  }, {
    iri: "https://mff-uk.github.io/specifications/dcat-dap#Attribution",
    tags: [ "https://w3id.org/dsv/class-role#supportive" ],
    id: "https://mff-uk.github.io/specifications/dcat-dap#Attribution",
    type: [ "class-profile" ],
    profiling: [ "http://www.w3.org/ns/prov#Attribution" ],
    usageNote: {},
    usageNoteFromProfiled: null,
    externalDocumentationUrl: null,
    name: {},
    nameFromProfiled: "http://www.w3.org/ns/prov#Attribution",
    nameProperty: "http://www.w3.org/2004/02/skos/core#prefLabel",
    description: {},
    descriptionFromProfiled: "http://www.w3.org/ns/prov#Attribution",
    descriptionProperty: "http://www.w3.org/2004/02/skos/core#definition",
  }
]
Unable to merge entities with colliding id https://mff-uk.github.io/specifications/dcat-dap#LicenseDocument because they are of unsupported types. Falling back to the first one. [
  {
    iri: "https://mff-uk.github.io/specifications/dcat-dap#LicenseDocument",
    tags: [ "https://w3id.org/dsv/class-role#supportive" ],
    id: "https://mff-uk.github.io/specifications/dcat-dap#LicenseDocument",
    type: [ "class-profile" ],
    profiling: [ "http://purl.org/dc/terms/LicenseDocument" ],
    usageNote: {},
    usageNoteFromProfiled: null,
    externalDocumentationUrl: null,
    name: {},
    nameFromProfiled: "http://purl.org/dc/terms/LicenseDocument",
    nameProperty: "http://www.w3.org/2004/02/skos/core#prefLabel",
    description: {},
    descriptionFromProfiled: "http://purl.org/dc/terms/LicenseDocument",
    descriptionProperty: "http://www.w3.org/2004/02/skos/core#definition",
    order: null,
    controlledVocabularies: [],
  }, {
    iri: "https://mff-uk.github.io/specifications/dcat-dap#LicenseDocument",
    tags: [ "https://w3id.org/dsv/class-role#supportive" ],
    id: "https://mff-uk.github.io/specifications/dcat-dap#LicenseDocument",
    type: [ "class-profile" ],
    profiling: [ "http://purl.org/dc/terms/LicenseDocument" ],
    usageNote: {},
    usageNoteFromProfiled: null,
    externalDocumentationUrl: null,
    name: {},
    nameFromProfiled: "http://purl.org/dc/terms/LicenseDocument",
    nameProperty: "http://www.w3.org/2004/02/skos/core#prefLabel",
    description: {},
    descriptionFromProfiled: "http://purl.org/dc/terms/LicenseDocument",
    descriptionProperty: "http://www.w3.org/2004/02/skos/core#definition",
  }
]
Unable to merge entities with colliding id https://mff-uk.github.io/specifications/dcat-dap#Policy because they are of unsupported types. Falling back to the first one. [
  {
    iri: "https://mff-uk.github.io/specifications/dcat-dap#Policy",
    tags: [ "https://w3id.org/dsv/class-role#supportive" ],
    id: "https://mff-uk.github.io/specifications/dcat-dap#Policy",
    type: [ "class-profile" ],
    profiling: [ "http://www.w3.org/ns/odrl/2/Policy" ],
    usageNote: {},
    usageNoteFromProfiled: null,
    externalDocumentationUrl: null,
    name: {},
    nameFromProfiled: "http://www.w3.org/ns/odrl/2/Policy",
    nameProperty: "http://www.w3.org/2004/02/skos/core#prefLabel",
    description: {},
    descriptionFromProfiled: "http://www.w3.org/ns/odrl/2/Policy",
    descriptionProperty: "http://www.w3.org/2004/02/skos/core#definition",
    order: null,
    controlledVocabularies: [],
  }, {
    iri: "https://mff-uk.github.io/specifications/dcat-dap#Policy",
    tags: [ "https://w3id.org/dsv/class-role#supportive" ],
    id: "https://mff-uk.github.io/specifications/dcat-dap#Policy",
    type: [ "class-profile" ],
    profiling: [ "http://www.w3.org/ns/odrl/2/Policy" ],
    usageNote: {},
    usageNoteFromProfiled: null,
    externalDocumentationUrl: null,
    name: {},
    nameFromProfiled: "http://www.w3.org/ns/odrl/2/Policy",
    nameProperty: "http://www.w3.org/2004/02/skos/core#prefLabel",
    description: {},
    descriptionFromProfiled: "http://www.w3.org/ns/odrl/2/Policy",
    descriptionProperty: "http://www.w3.org/2004/02/skos/core#definition",
  }
]
Unable to merge entities with colliding id https://mff-uk.github.io/specifications/dcat-dap#Distribution because they are of unsupported types. Falling back to the first one. [
  {
    iri: "https://mff-uk.github.io/specifications/dcat-dap#Distribution",
    tags: [ "https://w3id.org/dsv/class-role#main" ],
    id: "https://mff-uk.github.io/specifications/dcat-dap#Distribution",
    type: [ "class-profile" ],
    profiling: [ "http://www.w3.org/ns/dcat#Distribution" ],
    usageNote: {
      en: "This represents a general availability of a dataset. It implies no information about the actual access method of the data, i.e., whether by direct download, API, or through a Web page. The use of dcat:downloadURL property indicates directly downloadable distributions.",
    },
    usageNoteFromProfiled: null,
    externalDocumentationUrl: "https://www.w3.org/TR/vocab-dcat-3/#Class:Dataset_Series",
    name: {},
    nameFromProfiled: "http://www.w3.org/ns/dcat#Distribution",
    nameProperty: "http://www.w3.org/2004/02/skos/core#prefLabel",
    description: {},
    descriptionFromProfiled: "http://www.w3.org/ns/dcat#Distribution",
    descriptionProperty: "http://www.w3.org/2004/02/skos/core#definition",
    order: null,
    controlledVocabularies: [],
  }, {
    iri: "https://mff-uk.github.io/specifications/dcat-dap#Distribution",
    tags: [ "https://w3id.org/dsv/class-role#main" ],
    id: "https://mff-uk.github.io/specifications/dcat-dap#Distribution",
    type: [ "class-profile" ],
    profiling: [ "http://www.w3.org/ns/dcat#Distribution" ],
    usageNote: {
      en: "This represents a general availability of a dataset. It implies no information about the actual access method of the data, i.e., whether by direct download, API, or through a Web page. The use of dcat:downloadURL property indicates directly downloadable distributions.",
    },
    usageNoteFromProfiled: null,
    externalDocumentationUrl: "https://www.w3.org/TR/vocab-dcat-3/#Class:Dataset_Series",
    name: {},
    nameFromProfiled: "http://www.w3.org/ns/dcat#Distribution",
    nameProperty: "http://www.w3.org/2004/02/skos/core#prefLabel",
    description: {},
    descriptionFromProfiled: "http://www.w3.org/ns/dcat#Distribution",
    descriptionProperty: "http://www.w3.org/2004/02/skos/core#definition",
  }
]
Unable to merge entities with colliding id https://mff-uk.github.io/specifications/dcat-dap#DatasetSeries because they are of unsupported types. Falling back to the first one. [
  {
    iri: "https://mff-uk.github.io/specifications/dcat-dap#DatasetSeries",
    tags: [ "https://w3id.org/dsv/class-role#main" ],
    id: "https://mff-uk.github.io/specifications/dcat-dap#DatasetSeries",
    type: [ "class-profile" ],
    profiling: [ "http://www.w3.org/ns/dcat#DatasetSeries" ],
    usageNote: {
      en: "Dataset series can be also soft-typed via property dcterms:type as in the approach used in [[GeoDCAT-AP]], and adopted in [[DCAT-AP-IT]] and [[GeoDCAT-AP-IT]]).\nCommon scenarios for dataset series include: time series composed of periodically released subsets; map-series composed of items of the same type or theme but with differing spatial footprints.",
    },
    usageNoteFromProfiled: null,
    externalDocumentationUrl: "https://www.w3.org/TR/vocab-dcat-3/#Class:Dataset_Series",
    name: {
      en: "Dataset Series",
      es: "Serie de conjuntos de datos",
      it: "Serie di dataset",
    },
    nameFromProfiled: null,
    nameProperty: null,
    description: {},
    descriptionFromProfiled: "http://www.w3.org/ns/dcat#DatasetSeries",
    descriptionProperty: "http://www.w3.org/2004/02/skos/core#definition",
    order: null,
    controlledVocabularies: [],
  }, {
    iri: "https://mff-uk.github.io/specifications/dcat-dap#DatasetSeries",
    tags: [ "https://w3id.org/dsv/class-role#main" ],
    id: "https://mff-uk.github.io/specifications/dcat-dap#DatasetSeries",
    type: [ "class-profile" ],
    profiling: [ "http://www.w3.org/ns/dcat#DatasetSeries" ],
    usageNote: {
      en: "Dataset series can be also soft-typed via property dcterms:type as in the approach used in [[GeoDCAT-AP]], and adopted in [[DCAT-AP-IT]] and [[GeoDCAT-AP-IT]]).\nCommon scenarios for dataset series include: time series composed of periodically released subsets; map-series composed of items of the same type or theme but with differing spatial footprints.",
    },
    usageNoteFromProfiled: null,
    externalDocumentationUrl: "https://www.w3.org/TR/vocab-dcat-3/#Class:Dataset_Series",
    name: {
      en: "Dataset Series",
      es: "Serie de conjuntos de datos",
      it: "Serie di dataset",
    },
    nameFromProfiled: null,
    nameProperty: null,
    description: {},
    descriptionFromProfiled: "http://www.w3.org/ns/dcat#DatasetSeries",
    descriptionProperty: "http://www.w3.org/2004/02/skos/core#definition",
  }
]
Unable to merge entities with colliding id https://mff-uk.github.io/specifications/dcat-dap#Frequency because they are of unsupported types. Falling back to the first one. [
  {
    iri: "https://mff-uk.github.io/specifications/dcat-dap#Frequency",
    tags: [ "https://w3id.org/dsv/class-role#supportive" ],
    id: "https://mff-uk.github.io/specifications/dcat-dap#Frequency",
    type: [ "class-profile" ],
    profiling: [ "http://purl.org/dc/terms/Frequency" ],
    usageNote: {},
    usageNoteFromProfiled: null,
    externalDocumentationUrl: null,
    name: {},
    nameFromProfiled: "http://purl.org/dc/terms/Frequency",
    nameProperty: "http://www.w3.org/2004/02/skos/core#prefLabel",
    description: {},
    descriptionFromProfiled: "http://purl.org/dc/terms/Frequency",
    descriptionProperty: "http://www.w3.org/2004/02/skos/core#definition",
    order: null,
    controlledVocabularies: [],
  }, {
    iri: "https://mff-uk.github.io/specifications/dcat-dap#Frequency",
    tags: [ "https://w3id.org/dsv/class-role#supportive" ],
    id: "https://mff-uk.github.io/specifications/dcat-dap#Frequency",
    type: [ "class-profile" ],
    profiling: [ "http://purl.org/dc/terms/Frequency" ],
    usageNote: {},
    usageNoteFromProfiled: null,
    externalDocumentationUrl: null,
    name: {},
    nameFromProfiled: "http://purl.org/dc/terms/Frequency",
    nameProperty: "http://www.w3.org/2004/02/skos/core#prefLabel",
    description: {},
    descriptionFromProfiled: "http://purl.org/dc/terms/Frequency",
    descriptionProperty: "http://www.w3.org/2004/02/skos/core#definition",
  }
]
Unable to merge entities with colliding id https://mff-uk.github.io/specifications/dcat-dap#Location because they are of unsupported types. Falling back to the first one. [
  {
    iri: "https://mff-uk.github.io/specifications/dcat-dap#Location",
    tags: [ "https://w3id.org/dsv/class-role#main" ],
    id: "https://mff-uk.github.io/specifications/dcat-dap#Location",
    type: [ "class-profile" ],
    profiling: [ "http://purl.org/dc/terms/Location" ],
    usageNote: {
      en: "For an extensive geometry (i.e., a set of coordinates denoting the vertices of the relevant geographic area), the property locn:geometry [[LOCN]] SHOULD be used.\nFor a geographic bounding box delimiting a spatial area the property dcat:bbox SHOULD be used.\nFor the geographic center of a spatial area, or another characteristic point, the property dcat:centroid SHOULD be used.",
    },
    usageNoteFromProfiled: null,
    externalDocumentationUrl: "https://www.w3.org/TR/vocab-dcat-3/#Class:Location",
    name: {},
    nameFromProfiled: "http://purl.org/dc/terms/Location",
    nameProperty: "http://www.w3.org/2004/02/skos/core#prefLabel",
    description: {},
    descriptionFromProfiled: "http://purl.org/dc/terms/Location",
    descriptionProperty: "http://www.w3.org/2004/02/skos/core#definition",
    order: null,
    controlledVocabularies: [],
  }, {
    iri: "https://mff-uk.github.io/specifications/dcat-dap#Location",
    tags: [ "https://w3id.org/dsv/class-role#main" ],
    id: "https://mff-uk.github.io/specifications/dcat-dap#Location",
    type: [ "class-profile" ],
    profiling: [ "http://purl.org/dc/terms/Location" ],
    usageNote: {
      en: "For an extensive geometry (i.e., a set of coordinates denoting the vertices of the relevant geographic area), the property locn:geometry [[LOCN]] SHOULD be used.\nFor a geographic bounding box delimiting a spatial area the property dcat:bbox SHOULD be used.\nFor the geographic center of a spatial area, or another characteristic point, the property dcat:centroid SHOULD be used.",
    },
    usageNoteFromProfiled: null,
    externalDocumentationUrl: "https://www.w3.org/TR/vocab-dcat-3/#Class:Location",
    name: {},
    nameFromProfiled: "http://purl.org/dc/terms/Location",
    nameProperty: "http://www.w3.org/2004/02/skos/core#prefLabel",
    description: {},
    descriptionFromProfiled: "http://purl.org/dc/terms/Location",
    descriptionProperty: "http://www.w3.org/2004/02/skos/core#definition",
  }
]
Unable to merge entities with colliding id https://mff-uk.github.io/specifications/dcat-dap#PeriodOfTime because they are of unsupported types. Falling back to the first one. [
  {
    iri: "https://mff-uk.github.io/specifications/dcat-dap#PeriodOfTime",
    tags: [ "https://w3id.org/dsv/class-role#main" ],
    id: "https://mff-uk.github.io/specifications/dcat-dap#PeriodOfTime",
    type: [ "class-profile" ],
    profiling: [ "http://purl.org/dc/terms/PeriodOfTime" ],
    usageNote: {
      en: "The start and end of the interval SHOULD be given by using properties dcat:startDate or time:hasBeginning, and dcat:endDate or time:hasEnd, respectively. The interval can also be open - i.e., it can have just a start or just an end.",
    },
    usageNoteFromProfiled: null,
    externalDocumentationUrl: "https://www.w3.org/TR/vocab-dcat-3/#Class:Period_of_Time",
    name: {},
    nameFromProfiled: "http://purl.org/dc/terms/PeriodOfTime",
    nameProperty: "http://www.w3.org/2004/02/skos/core#prefLabel",
    description: {
      en: "An interval of time that is named or defined by its start and end.",
    },
    descriptionFromProfiled: null,
    descriptionProperty: null,
    order: null,
    controlledVocabularies: [],
  }, {
    iri: "https://mff-uk.github.io/specifications/dcat-dap#PeriodOfTime",
    tags: [ "https://w3id.org/dsv/class-role#main" ],
    id: "https://mff-uk.github.io/specifications/dcat-dap#PeriodOfTime",
    type: [ "class-profile" ],
    profiling: [ "http://purl.org/dc/terms/PeriodOfTime" ],
    usageNote: {
      en: "The start and end of the interval SHOULD be given by using properties dcat:startDate or time:hasBeginning, and dcat:endDate or time:hasEnd, respectively. The interval can also be open - i.e., it can have just a start or just an end.",
    },
    usageNoteFromProfiled: null,
    externalDocumentationUrl: "https://www.w3.org/TR/vocab-dcat-3/#Class:Period_of_Time",
    name: {},
    nameFromProfiled: "http://purl.org/dc/terms/PeriodOfTime",
    nameProperty: "http://www.w3.org/2004/02/skos/core#prefLabel",
    description: {
      en: "An interval of time that is named or defined by its start and end.",
    },
    descriptionFromProfiled: null,
    descriptionProperty: null,
  }
]
Unable to merge entities with colliding id https://mff-uk.github.io/specifications/dcat-dap#Entity because they are of unsupported types. Falling back to the first one. [
  {
    iri: "https://mff-uk.github.io/specifications/dcat-dap#Entity",
    tags: [ "https://w3id.org/dsv/class-role#supportive" ],
    id: "https://mff-uk.github.io/specifications/dcat-dap#Entity",
    type: [ "class-profile" ],
    profiling: [ "http://www.w3.org/ns/prov#Entity" ],
    usageNote: {},
    usageNoteFromProfiled: null,
    externalDocumentationUrl: null,
    name: {},
    nameFromProfiled: "http://www.w3.org/ns/prov#Entity",
    nameProperty: "http://www.w3.org/2004/02/skos/core#prefLabel",
    description: {},
    descriptionFromProfiled: "http://www.w3.org/ns/prov#Entity",
    descriptionProperty: "http://www.w3.org/2004/02/skos/core#definition",
    order: null,
    controlledVocabularies: [],
  }, {
    iri: "https://mff-uk.github.io/specifications/dcat-dap#Entity",
    tags: [ "https://w3id.org/dsv/class-role#supportive" ],
    id: "https://mff-uk.github.io/specifications/dcat-dap#Entity",
    type: [ "class-profile" ],
    profiling: [ "http://www.w3.org/ns/prov#Entity" ],
    usageNote: {},
    usageNoteFromProfiled: null,
    externalDocumentationUrl: null,
    name: {},
    nameFromProfiled: "http://www.w3.org/ns/prov#Entity",
    nameProperty: "http://www.w3.org/2004/02/skos/core#prefLabel",
    description: {},
    descriptionFromProfiled: "http://www.w3.org/ns/prov#Entity",
    descriptionProperty: "http://www.w3.org/2004/02/skos/core#definition",
  }
]
Unable to merge entities with colliding id https://mff-uk.github.io/specifications/dcat-dap#MediaType because they are of unsupported types. Falling back to the first one. [
  {
    iri: "https://mff-uk.github.io/specifications/dcat-dap#MediaType",
    tags: [ "https://w3id.org/dsv/class-role#supportive" ],
    id: "https://mff-uk.github.io/specifications/dcat-dap#MediaType",
    type: [ "class-profile" ],
    profiling: [ "http://purl.org/dc/terms/MediaType" ],
    usageNote: {},
    usageNoteFromProfiled: null,
    externalDocumentationUrl: null,
    name: {},
    nameFromProfiled: "http://purl.org/dc/terms/MediaType",
    nameProperty: "http://www.w3.org/2004/02/skos/core#prefLabel",
    description: {},
    descriptionFromProfiled: "http://purl.org/dc/terms/MediaType",
    descriptionProperty: "http://www.w3.org/2004/02/skos/core#definition",
    order: null,
    controlledVocabularies: [],
  }, {
    iri: "https://mff-uk.github.io/specifications/dcat-dap#MediaType",
    tags: [ "https://w3id.org/dsv/class-role#supportive" ],
    id: "https://mff-uk.github.io/specifications/dcat-dap#MediaType",
    type: [ "class-profile" ],
    profiling: [ "http://purl.org/dc/terms/MediaType" ],
    usageNote: {},
    usageNoteFromProfiled: null,
    externalDocumentationUrl: null,
    name: {},
    nameFromProfiled: "http://purl.org/dc/terms/MediaType",
    nameProperty: "http://www.w3.org/2004/02/skos/core#prefLabel",
    description: {},
    descriptionFromProfiled: "http://purl.org/dc/terms/MediaType",
    descriptionProperty: "http://www.w3.org/2004/02/skos/core#definition",
  }
]
Unable to merge entities with colliding id https://mff-uk.github.io/specifications/dcat-dap#MediaTypeOrExtent because they are of unsupported types. Falling back to the first one. [
  {
    iri: "https://mff-uk.github.io/specifications/dcat-dap#MediaTypeOrExtent",
    tags: [ "https://w3id.org/dsv/class-role#supportive" ],
    id: "https://mff-uk.github.io/specifications/dcat-dap#MediaTypeOrExtent",
    type: [ "class-profile" ],
    profiling: [ "http://purl.org/dc/terms/MediaTypeOrExtent" ],
    usageNote: {},
    usageNoteFromProfiled: null,
    externalDocumentationUrl: null,
    name: {},
    nameFromProfiled: "http://purl.org/dc/terms/MediaTypeOrExtent",
    nameProperty: "http://www.w3.org/2004/02/skos/core#prefLabel",
    description: {},
    descriptionFromProfiled: "http://purl.org/dc/terms/MediaTypeOrExtent",
    descriptionProperty: "http://www.w3.org/2004/02/skos/core#definition",
    order: null,
    controlledVocabularies: [],
  }, {
    iri: "https://mff-uk.github.io/specifications/dcat-dap#MediaTypeOrExtent",
    tags: [ "https://w3id.org/dsv/class-role#supportive" ],
    id: "https://mff-uk.github.io/specifications/dcat-dap#MediaTypeOrExtent",
    type: [ "class-profile" ],
    profiling: [ "http://purl.org/dc/terms/MediaTypeOrExtent" ],
    usageNote: {},
    usageNoteFromProfiled: null,
    externalDocumentationUrl: null,
    name: {},
    nameFromProfiled: "http://purl.org/dc/terms/MediaTypeOrExtent",
    nameProperty: "http://www.w3.org/2004/02/skos/core#prefLabel",
    description: {},
    descriptionFromProfiled: "http://purl.org/dc/terms/MediaTypeOrExtent",
    descriptionProperty: "http://www.w3.org/2004/02/skos/core#definition",
  }
]
Unable to merge entities with colliding id https://mff-uk.github.io/specifications/dcat-dap#Concept because they are of unsupported types. Falling back to the first one. [
  {
    iri: "https://mff-uk.github.io/specifications/dcat-dap#Concept",
    tags: [ "https://w3id.org/dsv/class-role#main" ],
    id: "https://mff-uk.github.io/specifications/dcat-dap#Concept",
    type: [ "class-profile" ],
    profiling: [ "http://www.w3.org/2004/02/skos/core#Concept" ],
    usageNote: {
      en: "It is recommended to use either skos:inScheme or skos:topConceptOf on every skos:Concept used to classify datasets to link it to the concept scheme it belongs to. This concept scheme is typically associated with the catalog using dcat:themeTaxonomy.",
    },
    usageNoteFromProfiled: null,
    externalDocumentationUrl: "https://www.w3.org/TR/vocab-dcat-3/#Class:Concept",
    name: {},
    nameFromProfiled: "http://www.w3.org/2004/02/skos/core#Concept",
    nameProperty: "http://www.w3.org/2004/02/skos/core#prefLabel",
    description: {
      en: "A category or a theme used to describe datasets in the catalog.",
    },
    descriptionFromProfiled: null,
    descriptionProperty: null,
    order: null,
    controlledVocabularies: [],
  }, {
    iri: "https://mff-uk.github.io/specifications/dcat-dap#Concept",
    tags: [ "https://w3id.org/dsv/class-role#main" ],
    id: "https://mff-uk.github.io/specifications/dcat-dap#Concept",
    type: [ "class-profile" ],
    profiling: [ "http://www.w3.org/2004/02/skos/core#Concept" ],
    usageNote: {
      en: "It is recommended to use either skos:inScheme or skos:topConceptOf on every skos:Concept used to classify datasets to link it to the concept scheme it belongs to. This concept scheme is typically associated with the catalog using dcat:themeTaxonomy.",
    },
    usageNoteFromProfiled: null,
    externalDocumentationUrl: "https://www.w3.org/TR/vocab-dcat-3/#Class:Concept",
    name: {},
    nameFromProfiled: "http://www.w3.org/2004/02/skos/core#Concept",
    nameProperty: "http://www.w3.org/2004/02/skos/core#prefLabel",
    description: {
      en: "A category or a theme used to describe datasets in the catalog.",
    },
    descriptionFromProfiled: null,
    descriptionProperty: null,
  }
]
Unable to merge entities with colliding id https://mff-uk.github.io/specifications/dcat-dap#ConceptScheme because they are of unsupported types. Falling back to the first one. [
  {
    iri: "https://mff-uk.github.io/specifications/dcat-dap#ConceptScheme",
    tags: [ "https://w3id.org/dsv/class-role#main" ],
    id: "https://mff-uk.github.io/specifications/dcat-dap#ConceptScheme",
    type: [ "class-profile" ],
    profiling: [ "http://www.w3.org/2004/02/skos/core#ConceptScheme" ],
    usageNote: {},
    usageNoteFromProfiled: null,
    externalDocumentationUrl: "https://www.w3.org/TR/vocab-dcat-3/#Class:Concept_Scheme",
    name: {},
    nameFromProfiled: "http://www.w3.org/2004/02/skos/core#ConceptScheme",
    nameProperty: "http://www.w3.org/2004/02/skos/core#prefLabel",
    description: {
      en: "A knowledge organization system (KOS) used to represent themes/categories of datasets in the catalog.",
    },
    descriptionFromProfiled: null,
    descriptionProperty: null,
    order: null,
    controlledVocabularies: [],
  }, {
    iri: "https://mff-uk.github.io/specifications/dcat-dap#ConceptScheme",
    tags: [ "https://w3id.org/dsv/class-role#main" ],
    id: "https://mff-uk.github.io/specifications/dcat-dap#ConceptScheme",
    type: [ "class-profile" ],
    profiling: [ "http://www.w3.org/2004/02/skos/core#ConceptScheme" ],
    usageNote: {},
    usageNoteFromProfiled: null,
    externalDocumentationUrl: "https://www.w3.org/TR/vocab-dcat-3/#Class:Concept_Scheme",
    name: {},
    nameFromProfiled: "http://www.w3.org/2004/02/skos/core#ConceptScheme",
    nameProperty: "http://www.w3.org/2004/02/skos/core#prefLabel",
    description: {
      en: "A knowledge organization system (KOS) used to represent themes/categories of datasets in the catalog.",
    },
    descriptionFromProfiled: null,
    descriptionProperty: null,
  }
]
Unable to merge entities with colliding id https://mff-uk.github.io/specifications/dcat-dap#Person because they are of unsupported types. Falling back to the first one. [
  {
    iri: "https://mff-uk.github.io/specifications/dcat-dap#Person",
    tags: [ "https://w3id.org/dsv/class-role#main" ],
    id: "https://mff-uk.github.io/specifications/dcat-dap#Person",
    type: [ "class-profile" ],
    profiling: [ "http://xmlns.com/foaf/0.1/Person" ],
    usageNote: {
      en: "[[FOAF]] provides several properties to describe these entities.",
    },
    usageNoteFromProfiled: null,
    externalDocumentationUrl: "https://www.w3.org/TR/vocab-dcat-3/#Class:Organization_Person",
    name: {},
    nameFromProfiled: "http://xmlns.com/foaf/0.1/Person",
    nameProperty: "http://www.w3.org/2004/02/skos/core#prefLabel",
    description: {},
    descriptionFromProfiled: "http://xmlns.com/foaf/0.1/Person",
    descriptionProperty: "http://www.w3.org/2004/02/skos/core#definition",
    order: null,
    controlledVocabularies: [],
  }, {
    iri: "https://mff-uk.github.io/specifications/dcat-dap#Person",
    tags: [ "https://w3id.org/dsv/class-role#main" ],
    id: "https://mff-uk.github.io/specifications/dcat-dap#Person",
    type: [ "class-profile" ],
    profiling: [ "http://xmlns.com/foaf/0.1/Person" ],
    usageNote: {
      en: "[[FOAF]] provides several properties to describe these entities.",
    },
    usageNoteFromProfiled: null,
    externalDocumentationUrl: "https://www.w3.org/TR/vocab-dcat-3/#Class:Organization_Person",
    name: {},
    nameFromProfiled: "http://xmlns.com/foaf/0.1/Person",
    nameProperty: "http://www.w3.org/2004/02/skos/core#prefLabel",
    description: {},
    descriptionFromProfiled: "http://xmlns.com/foaf/0.1/Person",
    descriptionProperty: "http://www.w3.org/2004/02/skos/core#definition",
  }
]
Unable to merge entities with colliding id https://mff-uk.github.io/specifications/dcat-dap#Organization because they are of unsupported types. Falling back to the first one. [
  {
    iri: "https://mff-uk.github.io/specifications/dcat-dap#Organization",
    tags: [ "https://w3id.org/dsv/class-role#main" ],
    id: "https://mff-uk.github.io/specifications/dcat-dap#Organization",
    type: [ "class-profile" ],
    profiling: [ "http://xmlns.com/foaf/0.1/Organization" ],
    usageNote: {
      en: "[[FOAF]] provides several properties to describe these entities.",
    },
    usageNoteFromProfiled: null,
    externalDocumentationUrl: "https://www.w3.org/TR/vocab-dcat-3/#Class:Organization_Person",
    name: {},
    nameFromProfiled: "http://xmlns.com/foaf/0.1/Organization",
    nameProperty: "http://www.w3.org/2004/02/skos/core#prefLabel",
    description: {},
    descriptionFromProfiled: "http://xmlns.com/foaf/0.1/Organization",
    descriptionProperty: "http://www.w3.org/2004/02/skos/core#definition",
    order: null,
    controlledVocabularies: [],
  }, {
    iri: "https://mff-uk.github.io/specifications/dcat-dap#Organization",
    tags: [ "https://w3id.org/dsv/class-role#main" ],
    id: "https://mff-uk.github.io/specifications/dcat-dap#Organization",
    type: [ "class-profile" ],
    profiling: [ "http://xmlns.com/foaf/0.1/Organization" ],
    usageNote: {
      en: "[[FOAF]] provides several properties to describe these entities.",
    },
    usageNoteFromProfiled: null,
    externalDocumentationUrl: "https://www.w3.org/TR/vocab-dcat-3/#Class:Organization_Person",
    name: {},
    nameFromProfiled: "http://xmlns.com/foaf/0.1/Organization",
    nameProperty: "http://www.w3.org/2004/02/skos/core#prefLabel",
    description: {},
    descriptionFromProfiled: "http://xmlns.com/foaf/0.1/Organization",
    descriptionProperty: "http://www.w3.org/2004/02/skos/core#definition",
  }
]
Unable to merge entities with colliding id https://mff-uk.github.io/specifications/dcat-dap#Role because they are of unsupported types. Falling back to the first one. [
  {
    iri: "https://mff-uk.github.io/specifications/dcat-dap#Role",
    tags: [ "https://w3id.org/dsv/class-role#main" ],
    id: "https://mff-uk.github.io/specifications/dcat-dap#Role",
    type: [ "class-profile" ],
    profiling: [ "http://www.w3.org/ns/dcat#Role" ],
    usageNote: {
      en: "Used in a qualified-attribution to specify the role of an Agent with respect to an Entity. It is recommended that the values be managed as a controlled vocabulary of agent roles, such as [[ISO-19115-1]] CI_RoleCode.\nUsed in a qualified-relation to specify the role of an Entity with respect to another Entity. It is recommended that the values be managed as a controlled vocabulary of entity roles such as [[ISO-19115-1]] DS_AssociationTypeCode, IANA Registry of Link Relations [[IANA-RELATIONS]], DataCite metadata schema [[DataCite]], MARC relators.",
    },
    usageNoteFromProfiled: null,
    externalDocumentationUrl: "https://www.w3.org/TR/vocab-dcat-3/#Class:Role",
    name: {},
    nameFromProfiled: "http://www.w3.org/ns/dcat#Role",
    nameProperty: "http://www.w3.org/2004/02/skos/core#prefLabel",
    description: {},
    descriptionFromProfiled: "http://www.w3.org/ns/dcat#Role",
    descriptionProperty: "http://www.w3.org/2004/02/skos/core#definition",
    order: null,
    controlledVocabularies: [],
  }, {
    iri: "https://mff-uk.github.io/specifications/dcat-dap#Role",
    tags: [ "https://w3id.org/dsv/class-role#main" ],
    id: "https://mff-uk.github.io/specifications/dcat-dap#Role",
    type: [ "class-profile" ],
    profiling: [ "http://www.w3.org/ns/dcat#Role" ],
    usageNote: {
      en: "Used in a qualified-attribution to specify the role of an Agent with respect to an Entity. It is recommended that the values be managed as a controlled vocabulary of agent roles, such as [[ISO-19115-1]] CI_RoleCode.\nUsed in a qualified-relation to specify the role of an Entity with respect to another Entity. It is recommended that the values be managed as a controlled vocabulary of entity roles such as [[ISO-19115-1]] DS_AssociationTypeCode, IANA Registry of Link Relations [[IANA-RELATIONS]], DataCite metadata schema [[DataCite]], MARC relators.",
    },
    usageNoteFromProfiled: null,
    externalDocumentationUrl: "https://www.w3.org/TR/vocab-dcat-3/#Class:Role",
    name: {},
    nameFromProfiled: "http://www.w3.org/ns/dcat#Role",
    nameProperty: "http://www.w3.org/2004/02/skos/core#prefLabel",
    description: {},
    descriptionFromProfiled: "http://www.w3.org/ns/dcat#Role",
    descriptionProperty: "http://www.w3.org/2004/02/skos/core#definition",
  }
]
Unable to merge entities with colliding id https://mff-uk.github.io/specifications/dcat-dap#Instant because they are of unsupported types. Falling back to the first one. [
  {
    iri: "https://mff-uk.github.io/specifications/dcat-dap#Instant",
    tags: [ "https://w3id.org/dsv/class-role#supportive" ],
    id: "https://mff-uk.github.io/specifications/dcat-dap#Instant",
    type: [ "class-profile" ],
    profiling: [ "http://www.w3.org/2006/time#Instant" ],
    usageNote: {},
    usageNoteFromProfiled: null,
    externalDocumentationUrl: null,
    name: {},
    nameFromProfiled: "http://www.w3.org/2006/time#Instant",
    nameProperty: "http://www.w3.org/2004/02/skos/core#prefLabel",
    description: {},
    descriptionFromProfiled: "http://www.w3.org/2006/time#Instant",
    descriptionProperty: "http://www.w3.org/2004/02/skos/core#definition",
    order: null,
    controlledVocabularies: [],
  }, {
    iri: "https://mff-uk.github.io/specifications/dcat-dap#Instant",
    tags: [ "https://w3id.org/dsv/class-role#supportive" ],
    id: "https://mff-uk.github.io/specifications/dcat-dap#Instant",
    type: [ "class-profile" ],
    profiling: [ "http://www.w3.org/2006/time#Instant" ],
    usageNote: {},
    usageNoteFromProfiled: null,
    externalDocumentationUrl: null,
    name: {},
    nameFromProfiled: "http://www.w3.org/2006/time#Instant",
    nameProperty: "http://www.w3.org/2004/02/skos/core#prefLabel",
    description: {},
    descriptionFromProfiled: "http://www.w3.org/2006/time#Instant",
    descriptionProperty: "http://www.w3.org/2004/02/skos/core#definition",
  }
]
Unable to merge entities with colliding id https://mff-uk.github.io/specifications/dcat-dap#Geometry because they are of unsupported types. Falling back to the first one. [
  {
    iri: "https://mff-uk.github.io/specifications/dcat-dap#Geometry",
    tags: [ "https://w3id.org/dsv/class-role#supportive" ],
    id: "https://mff-uk.github.io/specifications/dcat-dap#Geometry",
    type: [ "class-profile" ],
    profiling: [ "http://www.w3.org/ns/locn#Geometry" ],
    usageNote: {},
    usageNoteFromProfiled: null,
    externalDocumentationUrl: null,
    name: {},
    nameFromProfiled: "http://www.w3.org/ns/locn#Geometry",
    nameProperty: "http://www.w3.org/2004/02/skos/core#prefLabel",
    description: {},
    descriptionFromProfiled: "http://www.w3.org/ns/locn#Geometry",
    descriptionProperty: "http://www.w3.org/2004/02/skos/core#definition",
    order: null,
    controlledVocabularies: [],
  }, {
    iri: "https://mff-uk.github.io/specifications/dcat-dap#Geometry",
    tags: [ "https://w3id.org/dsv/class-role#supportive" ],
    id: "https://mff-uk.github.io/specifications/dcat-dap#Geometry",
    type: [ "class-profile" ],
    profiling: [ "http://www.w3.org/ns/locn#Geometry" ],
    usageNote: {},
    usageNoteFromProfiled: null,
    externalDocumentationUrl: null,
    name: {},
    nameFromProfiled: "http://www.w3.org/ns/locn#Geometry",
    nameProperty: "http://www.w3.org/2004/02/skos/core#prefLabel",
    description: {},
    descriptionFromProfiled: "http://www.w3.org/ns/locn#Geometry",
    descriptionProperty: "http://www.w3.org/2004/02/skos/core#definition",
  }
]
Unable to merge entities with colliding id https://mff-uk.github.io/specifications/dcat-dap#Checksum because they are of unsupported types. Falling back to the first one. [
  {
    iri: "https://mff-uk.github.io/specifications/dcat-dap#Checksum",
    tags: [ "https://w3id.org/dsv/class-role#main" ],
    id: "https://mff-uk.github.io/specifications/dcat-dap#Checksum",
    type: [ "class-profile" ],
    profiling: [ "http://spdx.org/rdf/terms#Checksum" ],
    usageNote: {
      en: "The Checksum includes the algorithm (spdx:algorithm) and value (spdx:checksumValue) that allows the integrity of a file to be verified to ensure no errors occurred in transmission or storage.",
    },
    usageNoteFromProfiled: null,
    externalDocumentationUrl: "https://www.w3.org/TR/vocab-dcat-3/#Class:Checksum",
    name: {
      en: "Checksum",
    },
    nameFromProfiled: null,
    nameProperty: null,
    description: {},
    descriptionFromProfiled: "http://spdx.org/rdf/terms#Checksum",
    descriptionProperty: "http://www.w3.org/2004/02/skos/core#definition",
    order: null,
    controlledVocabularies: [],
  }, {
    iri: "https://mff-uk.github.io/specifications/dcat-dap#Checksum",
    tags: [ "https://w3id.org/dsv/class-role#main" ],
    id: "https://mff-uk.github.io/specifications/dcat-dap#Checksum",
    type: [ "class-profile" ],
    profiling: [ "http://spdx.org/rdf/terms#Checksum" ],
    usageNote: {
      en: "The Checksum includes the algorithm (spdx:algorithm) and value (spdx:checksumValue) that allows the integrity of a file to be verified to ensure no errors occurred in transmission or storage.",
    },
    usageNoteFromProfiled: null,
    externalDocumentationUrl: "https://www.w3.org/TR/vocab-dcat-3/#Class:Checksum",
    name: {
      en: "Checksum",
    },
    nameFromProfiled: null,
    nameProperty: null,
    description: {},
    descriptionFromProfiled: "http://spdx.org/rdf/terms#Checksum",
    descriptionProperty: "http://www.w3.org/2004/02/skos/core#definition",
  }
]
Unable to merge entities with colliding id https://mff-uk.github.io/specifications/dcat-dap#ChecksumAlgorithm because they are of unsupported types. Falling back to the first one. [
  {
    iri: "https://mff-uk.github.io/specifications/dcat-dap#ChecksumAlgorithm",
    tags: [ "https://w3id.org/dsv/class-role#supportive" ],
    id: "https://mff-uk.github.io/specifications/dcat-dap#ChecksumAlgorithm",
    type: [ "class-profile" ],
    profiling: [ "http://spdx.org/rdf/terms#ChecksumAlgorithm" ],
    usageNote: {},
    usageNoteFromProfiled: null,
    externalDocumentationUrl: null,
    name: {
      en: "Checksum Algorithm",
    },
    nameFromProfiled: null,
    nameProperty: null,
    description: {},
    descriptionFromProfiled: "http://spdx.org/rdf/terms#ChecksumAlgorithm",
    descriptionProperty: "http://www.w3.org/2004/02/skos/core#definition",
    order: null,
    controlledVocabularies: [],
  }, {
    iri: "https://mff-uk.github.io/specifications/dcat-dap#ChecksumAlgorithm",
    tags: [ "https://w3id.org/dsv/class-role#supportive" ],
    id: "https://mff-uk.github.io/specifications/dcat-dap#ChecksumAlgorithm",
    type: [ "class-profile" ],
    profiling: [ "http://spdx.org/rdf/terms#ChecksumAlgorithm" ],
    usageNote: {},
    usageNoteFromProfiled: null,
    externalDocumentationUrl: null,
    name: {
      en: "Checksum Algorithm",
    },
    nameFromProfiled: null,
    nameProperty: null,
    description: {},
    descriptionFromProfiled: "http://spdx.org/rdf/terms#ChecksumAlgorithm",
    descriptionProperty: "http://www.w3.org/2004/02/skos/core#definition",
  }
]
